,cluster,info
0,0,KJ438725|V34|NA|2011|Blackbird|Germany|NA|Usutu_virus
1,0,KJ438721|3358|NA|2011|Mosquito|Germany|NA|Usutu_virus
2,0,KJ438779|V191|NA|2012|Blackbird|Germany|NA|Usutu_virus
3,0,KX816649|231247/2011|NA|2011_09|Blackbird|Italy|NA|Usutu_virus
4,0,KY426767|V540|NA|2016_10_14|Blackbird|Germany|NA|Usutu_virus
5,0,KY426755|V472|NA|2016_09_19|Blackbird|Germany|NA|Usutu_virus
6,0,KX394405|MRM796|NA|1963|Mosquito|Australia|NA|Kunjin_virus
7,0,KM225265|TS5273|NA|2000|Mosquito|Australia|NA|Torres_virus
8,0,JQ219843|Meise_H|NA|2002_08_29|Blue_Tit|Austria|NA|Usutu_virus
9,0,KU664608|Usutu_Berlin|NA|2015|Owl|Germany|NA|Usutu_virus
10,0,KJ438740|V52|NA|2011|Blackbird|Germany|NA|Usutu_virus
11,0,KX394403|MRM783|NA|1963|Insect|Australia|NA|Kunjin_virus
12,0,KX394383|CH15139C|NA|1972|Mosquito|Australia|NA|Kunjin_virus
13,0,KT934797|Hu6774|NA|1991|Human|Australia|1B|Kunjin_virus
14,0,KJ438713|V389|NA|2011|Blackbird|Germany|NA|Usutu_virus
15,0,MF991886|BD1/17_AT|NA|2017_07_24|Human|Austria|NA|Usutu_virus
16,0,KJ438770|V45|NA|2011|Blackbird|Germany|NA|Usutu_virus
17,0,KJ438773|V82|NA|2011|Blackbird|Germany|NA|Usutu_virus
18,0,KJ438756|V49|NA|2011|Blackbird|Germany|NA|Usutu_virus
19,0,KY294722|S_1232|NA|2016|Blackbird|Germany|NA|Usutu_virus
20,0,KX394381|18658C|NA|1975|Unknown|Australia|NA|Kunjin_virus
21,0,KJ438734|V83|NA|2011|Starling|Germany|NA|Usutu_virus
0,1,MW158342|BeAn625929/TVP21801|NA|2000_02_07|Black_Howler|Brazil|NA|Yellow_fever_virus
1,1,MW249086|FNV_N6|NA|2019_02_07|Human|France|West_Africa_Genotype_II|Yellow_fever_virus
2,1,MT354627|362Bl/362Bl|NA|2007|Muskrat|Russia|NA|Omsk_hemorrhagic_fever_virus
3,1,MT311860|1993/783|NA|1993_07_24|Human|Sweden|TBEV_Eu|Tick_borne_encephalitis_virus
4,1,MT354617|OZ_96/11293|NA|2004|Muskrat|Russia|NA|Omsk_hemorrhagic_fever_virus
5,1,MW158363|P16065/TVP21822|NA|1966|Human|USA|West_Africa_Genotype_II|Yellow_fever_virus
6,1,JF416965|200905919|NA|2009|Tick|Saudi_Arabia|NA|Alkhumra_hemorrhagic_fever_virus
7,1,MW249094|FNV_NS15|NA|2019_02_07|Human|France|West_Africa_Genotype_II|Yellow_fever_virus
8,1,MT354624|B_30/10146|NA|1990|Muskrat|Russia|NA|Omsk_hemorrhagic_fever_virus
9,1,MT354619|Kabyrdak_39/10944|NA|1962|Tick|Russia|NA|Omsk_hemorrhagic_fever_virus
10,1,MF370541|PR5908_BeAn844641|NA|2017_02_28|Black_Howler|Brazil|NA|Yellow_fever_virus
0,2,EU529706|DENV_2/US/BID_V585/2006|NA|2006|Human|USA|2_AsianAmerican|Dengue_virus_2
1,2,EU482546|DENV_2/US/BID_V1033/1998|NA|1998|Human|USA|2_AsianAmerican|Dengue_virus_2
2,2,EU687244|DENV_2/US/BID_V1496/2004|NA|2004|Human|USA|2_AsianAmerican|Dengue_virus_2
3,2,EU482565|DENV_2/US/BID_V1084/1998|NA|1998|Human|USA|2_AsianAmerican|Dengue_virus_2
4,2,EU687235|DENV_2/US/BID_V1483/2003|NA|2003|Human|USA|2_AsianAmerican|Dengue_virus_2
5,2,EU687243|DENV_2/US/BID_V1495/2004|NA|2004|Human|USA|2_AsianAmerican|Dengue_virus_2
6,2,EU660399|DENV_2/US/BID_V1372/1995|NA|1995|Human|USA|2_AsianAmerican|Dengue_virus_2
7,2,EU677145|DENV_2/US/BID_V1428/1999|NA|1999|Human|USA|2_AsianAmerican|Dengue_virus_2
8,2,EU596490|DENV_2/US/BID_V1412/2007|NA|2007|Human|USA|2_AsianAmerican|Dengue_virus_2
9,2,EU569709|DENV_2/US/BID_V1376/1996|NA|1996|Human|USA|2_AsianAmerican|Dengue_virus_2
10,2,EU569708|DENV_2/US/BID_V1373/1995|NA|1995|Human|USA|2_AsianAmerican|Dengue_virus_2
11,2,EU482733|DENV_2/US/BID_V676/1998|NA|1998|Human|USA|2_AsianAmerican|Dengue_virus_2
12,2,EU569720|DENV_2/US/BID_V1409/1997|NA|1997|Human|USA|2_AsianAmerican|Dengue_virus_2
13,2,EU569712|DENV_2/US/BID_V1393/1998|NA|1998|Human|USA|2_AsianAmerican|Dengue_virus_2
14,2,EU687228|DENV_2/US/BID_V1468/2001|NA|2001|Human|USA|2_AsianAmerican|Dengue_virus_2
15,2,EU687215|DENV_2/US/BID_V1436/2004|NA|2004|Human|USA|2_AsianAmerican|Dengue_virus_2
16,2,GQ868588|DENV_2/MX/BID_V3354/1983|NA|1983|Human|Mexico|2_American|Dengue_virus_2
0,3,KM279565|DC790Y12|NA|2012|Human|Singapore|2|Dengue_virus_2
1,3,FM210228|MD917|NA|2003|Human|Viet_Nam|2|Dengue_virus_2
2,3,KM279558|DC730Y12|NA|2012|Human|Singapore|2|Dengue_virus_2
3,3,KX452046|TM289|NA|2014_01|Human|Malaysia|2|Dengue_virus_2
4,3,KX452045|TM280|NA|2014_01|Human|Malaysia|2|Dengue_virus_2
5,3,KU509274|DENV2_3519|NA|2010|Human|Philippines|2|Dengue_virus_2
6,3,KM279598|E1379Y12|NA|2012|Human|Singapore|2|Dengue_virus_2
7,3,KY937185|XZXM10610|NA|2015|Human|China|2|Dengue_virus_2
8,3,KM279537|DC635Y12|NA|2012|Human|Singapore|2|Dengue_virus_2
9,3,KM279567|DC811Y12|NA|2012|Human|Singapore|2|Dengue_virus_2
10,3,KC964095|GD05/98|NA|1998|Human|China|NA|Dengue_virus_2
11,3,FM210206|MD1600|NA|2005|Human|Viet_Nam|2_AsianI|Dengue_virus_2
12,3,KM279521|DC391Y11|NA|2011|Human|Singapore|2|Dengue_virus_2
13,3,KX452034|TM175|NA|2014_01|Human|Malaysia|2|Dengue_virus_2
14,3,KX452042|TM244|NA|2014_01|Human|Malaysia|2|Dengue_virus_2
15,3,KY937189|XZW10694|NA|2015|Human|China|2|Dengue_virus_2
16,3,KM279532|DC618Y12|NA|2012|Human|Singapore|2|Dengue_virus_2
17,3,MT180479|231/17kandy|NA|2017_08|Human|Sri_Lanka|NA|Dengue_virus_2
18,3,KM279551|DC669Y12|NA|2012|Human|Singapore|2|Dengue_virus_2
19,3,KM279575|DC827Y12|NA|2012|Human|Singapore|2|Dengue_virus_2
20,3,KM279568|DC812Y12|NA|2012|Human|Singapore|2|Dengue_virus_2
21,3,KM279550|DC663Y12|NA|2012|Human|Singapore|2|Dengue_virus_2
22,3,KF744398|05_Sa_018|NA|2005|Human|Philippines|NA|Dengue_virus_2
23,3,KX621248|2015_CZ_23|NA|2015|Human|China|2|Dengue_virus_2
0,4,KY075934|ZIKV/Homo_sapiens/USA/2016/FL016U|NA|2016_07_03|Human|USA|Asian|Zika_virus
1,4,KX856011|ZIKV/Aedes_sp./MEX_I_44/2016|NA|2016_01_01|Mosquito|Mexico|Asian|Zika_virus
2,4,MF574580|ZIKV/Homo_sapiens/COL/FLR_00042/2015|NA|2016_12|Human|Colombia|Asian|Zika_virus
3,4,MH063262|ZIKV/Homo_sapiens/Cuba/2017/FL051Se|NA|2017_07_17|Human|Cuba|Asian|Zika_virus
4,4,MF801406|ZIKV/Homo_sapiens/MEX/2016/mex28|NA|2016_07_07|Human|Mexico|Asian|Zika_virus
5,4,KU647676|MRS_OPY_Martinique_PaRi_2015|NA|2015_12|Human|Martinique|Asian|Zika_virus
6,4,MN185332|Guadeloupe_Aedes_aegypti_T633|NA|2016|Mosquito|Guadeloupe|Asian|Zika_virus
7,4,MF574567|ZIKV/Homo_sapiens/COL/FLR_00015/2015|NA|2015_12|Human|Colombia|Asian|Zika_virus
8,4,KX198135|ZIKV/Homo_sapiens/PAN/BEI_259634_V4/2016|NA|2016|Human|Panama|Asian|Zika_virus
9,4,MF801396|ZIKV/Homo_sapiens/MEX/2016/mex14|NA|2016_05_17|Human|Mexico|Asian|Zika_virus
10,4,MF574555|ZIKV/Homo_sapiens/COL/FLR_00006/2015|NA|2015_12|Human|Colombia|Asian|Zika_virus
11,4,MF574573|ZIKV/Homo_sapiens/COL/FLR_00018/2015|NA|2015_12|Human|Colombia|Asian|Zika_virus
12,4,KX087101|ZIKV/Homo_sapiens/PRI/PRVABC59/2015|NA|2015_12|Human|Puerto_Rico|Asian|Zika_virus
0,5,MW946475|TONGA_74|NA|1974|Human|Tonga|2_American|Dengue_virus_2
1,5,OK605759|DENV2_3_K_0006_94|NA|1994|Human|Thailand|2_AsianI|Dengue_virus_2
2,5,KY849756|UI15033|NA|2009_09_02|Vero_Cell|Laos|2_AsianI|Dengue_virus_2
3,5,KY849752|LNT555|NA|2008_09_07|Vero_Cell|Laos|2_AsianI|Dengue_virus_2
4,5,LC410187|Th17_061DV2|NA|2017_01|Human|Thailand|2_AsianI|Dengue_virus_2
5,5,KF704354|Cuba_A15_1981|NA|1981|Human|Cuba|2_AsianII|Dengue_virus_2
6,5,EU056811|IQT_1950|NA|1995|Human|Peru|2_American|Dengue_virus_2
7,5,KY794790|080606|NA|2008_06_06|Human|Papua_New_Guinea|3|Dengue_virus_3
8,5,AY744682|PF92/2956|NA|1992|Human|French_Polynesia|3_I|Dengue_virus_3
9,5,KY794787|071009|NA|2007_10_09|Human|Papua_New_Guinea|3|Dengue_virus_3
0,6,MH822959|T28_S69|NA|2012|Human|India|1_V|Dengue_virus_1
1,6,MG721059|R1_J18|NA|2016|Human|India|3_III|Dengue_virus_3
2,6,MF033217|21653|NA|2014_05|Human|Singapore|1|Dengue_virus_1
3,6,KY849772|UI17982|NA|2010_08_24|Human|Laos|3_II|Dengue_virus_3
4,6,KX618705|UOH_21749|NA|2014|Human|India|1_V|Dengue_virus_1
5,6,MF033255|31808|NA|2016_08|Human|Singapore|1_V|Dengue_virus_1
6,6,LC436667|B17_1387|NA|2017_10|Human|Bangladesh|1|Dengue_virus_1
7,6,KY057366|SUB_026A|NA|2012|Human|Indonesia|1_IV|Dengue_virus_1
8,6,LT996909|2849608|NA|2010|Human|Malaysia|DENV3|Dengue_virus_3
9,6,MW396466|IN005|NA|2019_07_05|Human|Bangladesh|3|Dengue_virus_1
10,6,MN018368|D13056|NA|2013_07_25|Human|China|3_III|Dengue_virus_3
11,6,KC692507|HNRG14076|NA|2009_04_23|Human|Argentina|1|Dengue_virus_1
12,6,MN018332|D16163|NA|2016_02_25|Human|China|NA|Dengue_virus_1
13,6,KX452068|TM245|NA|2014_01|Human|Malaysia|1_I|Dengue_virus_1
14,6,MN018285|D15446|NA|2015_09_11|Human|China|NA|Dengue_virus_1
15,6,KJ438293|GZ10|NA|2013|Human|China|1_I|Dengue_virus_1
16,6,MN018325|D14016|NA|2014_08_23|Human|China|NA|Dengue_virus_1
17,6,MF033222|30629|NA|2014_07|Human|Singapore|1|Dengue_virus_1
18,6,MH823209|SMD_031|NA|2016|Human|Indonesia|NA|Dengue_virus_3
19,6,MN018374|D151436|NA|2015_09_28|Human|China|NA|Dengue_virus_3
20,6,MN018296|D15121|NA|2015_09_10|Human|China|NA|Dengue_virus_1
21,6,MF033200|29368|NA|2012_07|Human|Singapore|1_V|Dengue_virus_1
22,6,MF682969|16DGR45|NA|2016_09_11|Human|China|DENV_3|Dengue_virus_3
23,6,MK858126|FT_J80_S1_R2|NA|2016_08_09|Human|India|1_V|Dengue_virus_1
24,6,MK588396|SJ290|NA|2016_09|Human|India|1_V|Dengue_virus_1
25,6,MF033228|10760|NA|2015_03|Human|Singapore|1|Dengue_virus_1
26,6,MT447147|DENV1_HMU_HKU_2|NA|2019_10_25|Human|China|NA|Dengue_virus_1
27,6,GU363549|GZ1D3|NA|2009_08_06|Human|China|3|Dengue_virus_3
0,7,DQ164191|NY_2003_Chautauqua|NA|2003|Crow|USA|1A|West_Nile_virus
1,7,JX041628|LEIV_72Az|NA|1970|Tick|Azerbaijan|1A|West_Nile_virus
2,7,GQ507471|013WG_TX07EP|NA|2007_06_23|Human|USA|1A|West_Nile_virus
3,7,JF415917|TX6647|NA|2007|Blue_Jay|USA|1A|West_Nile_virus
4,7,JF957184|CO7_09|NA|2009|Unknown|USA|1A|West_Nile_virus
5,7,MH166883|VA_B_037_02|NA|2002|Bird|USA|1A|West_Nile_virus
6,7,GQ851603|K6453|NA|1991|Mosquito|Australia|1B|West_Nile_virus
7,7,MN619803|Volgograd829/18|NA|2018|Mosquito|Russia|NA|West_Nile_virus
8,7,MH170226|Laco_3008|NA|2003|Blackbird|USA|1A|West_Nile_virus
9,7,JF957181|BSL22_09|NA|2009|Unknown|USA|1A|West_Nile_virus
10,7,JX041632|Ig2266|NA|1955|Mosquito|India|5|West_Nile_virus
11,7,GQ507478|116WG_CA05LA|NA|2005_08_26|Human|USA|1A|West_Nile_virus
12,7,MN480795|Pella_677h/2018|NA|2018_08|Human|Greece|2|West_Nile_virus
13,7,KU978766|COL_739_08|NA|2008_07|Flamingo|Colombia|1A|West_Nile_virus
14,7,DQ164194|NY_2001_Suffolk|NA|2001|Crow|USA|1A|West_Nile_virus
15,7,JF957161|ARC10_06|NA|2006|Unknown|USA|1A|West_Nile_virus
16,7,KC496015|578/10|NA|2010|Horse|Hungary|2|West_Nile_virus
0,8,GU131776|DENV_1/VN/BID_V4014/2008|NA|2008|Human|Viet_Nam|1_I|Dengue_virus_1
1,8,FJ898372|DENV_1/VN/BID_V2724/2007|NA|2007|Human|Viet_Nam|1_I|Dengue_virus_1
2,8,FJ898391|DENV_1/VN/BID_V2852/2005|NA|2005|Human|Viet_Nam|1_I|Dengue_virus_1
3,8,EU482717|DENV_1/VN/BID_V791/2007|NA|2007|Human|Viet_Nam|1_I|Dengue_virus_1
4,8,GU131753|DENV_1/VN/BID_V3980/2008|NA|2008|Human|Viet_Nam|1_I|Dengue_virus_1
5,8,GQ199834|DENV_1/VN/BID_V2839/2005|NA|2005|Human|Viet_Nam|1_I|Dengue_virus_1
6,8,FJ461329|DENV_3/VN/BID_V1897/2007|NA|2007|Human|Viet_Nam|3_II|Dengue_virus_3
7,8,GQ199827|DENV_1/VN/BID_V2821/2007|NA|2007|Human|Viet_Nam|1_I|Dengue_virus_1
8,8,EU482513|DENV_1/VN/BID_V968/2007|NA|2007|Human|Viet_Nam|1_I|Dengue_virus_1
9,8,EU482648|DENV_2/VN/BID_V711/2006|NA|2006|Human|Viet_Nam|2|Dengue_virus_2
10,8,GU131680|DENV_1/VN/BID_V3842/2008|NA|2008|Human|Viet_Nam|1_I|Dengue_virus_1
11,8,EU482514|DENV_1/VN/BID_V969/2007|NA|2007|Human|Viet_Nam|1_I|Dengue_virus_1
12,8,FJ882555|DENV_1/VN/BID_V2809/2007|NA|2007|Human|Viet_Nam|1_I|Dengue_virus_1
13,8,GU131806|DENV_1/VN/BID_V4054/2008|NA|2008|Human|Viet_Nam|1_I|Dengue_virus_1
14,8,EU482785|DENV_2/VN/BID_V763/2003|NA|2003|Human|Viet_Nam|2|Dengue_virus_2
15,8,FJ390388|DENV_1/VN/BID_V1702/2007|NA|2007|Human|Viet_Nam|1_I|Dengue_virus_1
16,8,FJ432719|DENV_1/VN/BID_V1636/2007|NA|2007|Human|Viet_Nam|1_I|Dengue_virus_1
17,8,EU482710|DENV_1/VN/BID_V784/2007|NA|2007|Human|Viet_Nam|1|Dengue_virus_1
18,8,GU131817|DENV_1/VN/BID_V4068/2008|NA|2008|Human|Viet_Nam|1_I|Dengue_virus_1
19,8,GQ199833|DENV_1/VN/BID_V2837/2004|NA|2004|Human|Viet_Nam|1_I|Dengue_virus_1
20,8,FJ882564|DENV_1/VN/BID_V2827/2003|NA|2003|Human|Viet_Nam|1_I|Dengue_virus_1
21,8,GU131694|DENV_1/VN/BID_V3859/2008|NA|2008|Human|Viet_Nam|1_I|Dengue_virus_1
22,8,FJ882539|DENV_1/VN/BID_V2715/2006|NA|2006|Human|Viet_Nam|1_I|Dengue_virus_1
23,8,FJ410239|DENV_1/VN/BID_V1902/2008|NA|2008|Human|Viet_Nam|1_I|Dengue_virus_1
24,8,GU131729|DENV_1/VN/BID_V3933/2008|NA|2008|Human|Viet_Nam|1_I|Dengue_virus_1
25,8,FJ461307|DENV_1/VN/BID_V1840/2008|NA|2008|Human|Viet_Nam|1_I|Dengue_virus_1
26,8,FJ461320|DENV_1/VN/BID_V1871/2007|NA|2007|Human|Viet_Nam|1|Dengue_virus_1
27,8,GU131732|DENV_1/VN/BID_V3937/2008|NA|2008|Human|Viet_Nam|1_I|Dengue_virus_1
28,8,GU131773|DENV_1/VN/BID_V4009/2008|NA|2008|Human|Viet_Nam|1_I|Dengue_virus_1
29,8,EU482537|DENV_1/VN/BID_V993/2006|NA|2006|Human|Viet_Nam|1|Dengue_virus_1
30,8,HM181969|DENV_1/VN/BID_V4032/2008|NA|2008|Human|Viet_Nam|1_I|Dengue_virus_1
31,8,EU482492|DENV_1/VN/BID_V947/2007|NA|2007|Human|Viet_Nam|1_I|Dengue_virus_1
32,8,FJ898430|DENV_1/VN/BID_V2917/2006|NA|2006|Human|Viet_Nam|1_I|Dengue_virus_1
33,8,GU131715|DENV_1/VN/BID_V3885/2008|NA|2008|Human|Viet_Nam|1_I|Dengue_virus_1
34,8,FJ882527|DENV_1/VN/BID_V2701/2006|NA|2006|Human|Viet_Nam|1_I|Dengue_virus_1
35,8,FJ410236|DENV_1/VN/BID_V1899/2008|NA|2008|Human|Viet_Nam|1_I|Dengue_virus_1
36,8,GQ199842|DENV_1/VN/BID_V2875/2006|NA|2006|Human|Viet_Nam|1_I|Dengue_virus_1
37,8,FJ898414|DENV_1/VN/BID_V2895/2006|NA|2006|Human|Viet_Nam|1|Dengue_virus_1
38,8,FJ410281|DENV_1/VN/BID_V1967/2008|NA|2008|Human|Viet_Nam|1_I|Dengue_virus_1
39,8,EU482490|DENV_1/VN/BID_V945/2007|NA|2007|Human|Viet_Nam|1_I|Dengue_virus_1
40,8,GU131716|DENV_1/VN/BID_V3886/2008|NA|2008|Human|Viet_Nam|1_I|Dengue_virus_1
41,8,FJ410197|DENV_1/VN/BID_V1791/2007|NA|2007|Human|Viet_Nam|1_I|Dengue_virus_1
42,8,KF955446|DENV_1/VN/BID_V3909/2008|NA|2008|Human|Viet_Nam|1_I|Dengue_virus_1
43,8,FJ024439|DENV_1/VN/BID_V1580/2007|NA|2007|Human|Viet_Nam|1_I|Dengue_virus_1
44,8,EU677153|DENV_1/VN/BID_V1525/2007|NA|2007|Human|Viet_Nam|1_I|Dengue_virus_1
45,8,EU482536|DENV_1/VN/BID_V992/2006|NA|2006|Human|Viet_Nam|1_I|Dengue_virus_1
46,8,JQ287663|DENV_1/VN/BID_V2753/2007|NA|2007|Human|Viet_Nam|1_I|Dengue_virus_1
47,8,GU131705|DENV_1/VN/BID_V3870/2008|NA|2008|Human|Viet_Nam|1_I|Dengue_virus_1
48,8,GQ199778|DENV_1/VN/BID_V2754/2007|NA|2007|Human|Viet_Nam|1_I|Dengue_virus_1
49,8,GU131831|DENV_1/VN/BID_V4088/2008|NA|2008|Human|Viet_Nam|1_I|Dengue_virus_1
50,8,FJ432742|DENV_1/VN/BID_V1811/2007|NA|2007|Human|Viet_Nam|1|Dengue_virus_1
51,8,GU131762|DENV_1/VN/BID_V3990/2008|NA|2008|Human|Viet_Nam|1_I|Dengue_virus_1
52,8,EU677152|DENV_1/VN/BID_V1524/2007|NA|2007|Human|Viet_Nam|1_I|Dengue_virus_1
53,8,FJ898411|DENV_1/VN/BID_V2891/2006|NA|2006|Human|Viet_Nam|1_I|Dengue_virus_1
54,8,FJ024451|DENV_1/VN/BID_V1665/2007|NA|2007|Human|Viet_Nam|1_I|Dengue_virus_1
55,8,GQ199829|DENV_1/VN/BID_V2824/2007|NA|2007|Human|Viet_Nam|1_I|Dengue_virus_1
56,8,EU482528|DENV_1/VN/BID_V984/2006|NA|2006|Human|Viet_Nam|1_I|Dengue_virus_1
57,8,FJ547066|DENV_3/VN/BID_V1911/2008|NA|2008|Human|Viet_Nam|3_II|Dengue_virus_3
58,8,FJ432723|DENV_1/VN/BID_V1771/2007|NA|2007|Human|Viet_Nam|1|Dengue_virus_1
59,8,JF937608|DENV_1/VN/BID_V3958/2008|NA|2008|Human|Viet_Nam|1_I|Dengue_virus_1
60,8,FJ882548|DENV_1/VN/BID_V2778/2007|NA|2007|Human|Viet_Nam|1_I|Dengue_virus_1
61,8,GU131750|DENV_1/VN/BID_V3977/2008|NA|2008|Human|Viet_Nam|1_I|Dengue_virus_1
62,8,FJ410209|DENV_1/VN/BID_V1825/2007|NA|2007|Human|Viet_Nam|1_I|Dengue_virus_1
63,8,FJ410287|DENV_1/VN/BID_V1634/2006|NA|2006|Human|Viet_Nam|1_I|Dengue_virus_1
64,8,FJ432749|DENV_1/VN/BID_V1836/2007|NA|2007|Human|Viet_Nam|1|Dengue_virus_1
65,8,EU482825|DENV_1/VN/BID_V831/2006|NA|2006|Human|Viet_Nam|1|Dengue_virus_1
66,8,FJ898384|DENV_1/VN/BID_V2742/2007|NA|2007|Human|Viet_Nam|1_I|Dengue_virus_1
67,8,GU131796|DENV_1/VN/BID_V4039/2008|NA|2008|Human|Viet_Nam|1_I|Dengue_virus_1
68,8,FJ882538|DENV_1/VN/BID_V2714/2006|NA|2006|Human|Viet_Nam|1_I|Dengue_virus_1
69,8,FJ024433|DENV_1/VN/BID_V1573/2007|NA|2007|Human|Viet_Nam|1_I|Dengue_virus_1
70,8,EU482706|DENV_1/VN/BID_V780/2006|NA|2006|Human|Viet_Nam|1_I|Dengue_virus_1
71,8,GQ199812|DENV_1/VN/BID_V2792/2007|NA|2007|Human|Viet_Nam|1_I|Dengue_virus_1
72,8,GQ199816|DENV_1/VN/BID_V2797/2007|NA|2007|Human|Viet_Nam|1_I|Dengue_virus_1
73,8,FJ898394|DENV_1/VN/BID_V2855/2005|NA|2005|Human|Viet_Nam|1|Dengue_virus_1
74,8,GQ199787|DENV_1/VN/BID_V2763/2007|NA|2007|Human|Viet_Nam|1|Dengue_virus_1
75,8,EU482534|DENV_1/VN/BID_V990/2006|NA|2006|Human|Viet_Nam|1_I|Dengue_virus_1
76,8,EU249490|DENV_1/VN/BID_V793/2006|NA|2006|Human|Viet_Nam|1_I|Dengue_virus_1
77,8,EU677151|DENV_1/VN/BID_V1523/2007|NA|2007|Human|Viet_Nam|1_I|Dengue_virus_1
78,8,FJ882533|DENV_1/VN/BID_V2708/2006|NA|2006|Human|Viet_Nam|1|Dengue_virus_1
79,8,FJ547060|DENV_1/VN/BID_V1822/2007|NA|2007|Human|Viet_Nam|1|Dengue_virus_1
80,8,GU131822|DENV_1/VN/BID_V4074/2008|NA|2008|Human|Viet_Nam|1_I|Dengue_virus_1
81,8,EU482507|DENV_1/VN/BID_V962/2007|NA|2007|Human|Viet_Nam|1_I|Dengue_virus_1
82,8,GU131785|DENV_1/VN/BID_V4023/2008|NA|2008|Human|Viet_Nam|1_I|Dengue_virus_1
83,8,EU482789|DENV_1/VN/BID_V767/2003|NA|2003|Human|Viet_Nam|1_I|Dengue_virus_1
84,8,FJ432740|DENV_1/VN/BID_V1805/2007|NA|2007|Human|Viet_Nam|1_I|Dengue_virus_1
85,8,EU482672|DENV_2/VN/BID_V735/2006|NA|2006|Human|Viet_Nam|2|Dengue_virus_2
86,8,FJ182029|DENV_1/VN/BID_V1658/2007|NA|2007|Human|Viet_Nam|1_I|Dengue_virus_1
87,8,EU660407|DENV_3/VN/BID_V1326/2006|NA|2006|Human|Viet_Nam|3_II|Dengue_virus_3
88,8,GQ199771|DENV_1/VN/BID_V2687/2006|NA|2006|Human|Viet_Nam|1_I|Dengue_virus_1
89,8,FJ410251|DENV_1/VN/BID_V1918/2008|NA|2008|Human|Viet_Nam|1|Dengue_virus_1
90,8,GQ199803|DENV_1/VN/BID_V2783/2007|NA|2007|Human|Viet_Nam|1_I|Dengue_virus_1
0,9,AF311956|BR/97_111|NA|1997|Human|NA|1|Dengue_virus_1
1,9,KR024705|Wuhan_Human_1|NA|2014|Human|China|1_V|Dengue_virus_1
2,9,KU509254|DENV1_10429|NA|2011|Human|Venezuela|1|Dengue_virus_1
3,9,DQ285559|Reunion_191/04|NA|2004|Human|Reunion|1|Dengue_virus_1
4,9,KU509280|DENV3_1631|NA|2011|Human|Thailand|3|Dengue_virus_3
5,9,KT827376|GZ/33754/D1/2014|NA|2014|Human|China|1_I|Dengue_virus_1
6,9,KT726357|Cuba_546_2001|NA|2001|Human|Cuba|3_III|Dengue_virus_3
7,9,KY474307|TD_00061_P|NA|2014|Human|Ecuador|1|Dengue_virus_1
8,9,JX669467|21814/BR_PE/96|NA|1996|Human|Brazil|NA|Dengue_virus_1
9,9,JX669490|85469/BR_PE/02|NA|2002|Human|Brazil|3_III|Dengue_virus_3
10,9,KU509250|DENV1_17461|NA|2012|Human|Thailand|1_I|Dengue_virus_1
11,9,LC652827|Th15_DV1_TM002|NA|2015_11|Human|Thailand|1|Dengue_virus_1
12,9,JF808129|D3PY/AS10/03|NA|2003|Human|Paraguay|3_III|Dengue_virus_3
13,9,KT726350|Cuba_26_2001|NA|2001|Human|Cuba|3_III|Dengue_virus_3
14,9,LC428065|01_PK_90_L2|NA|2017|Human|Viet_Nam|1_I|Dengue_virus_1
15,9,JX669462|12898/BR_PE/10|NA|2010|Human|Brazil|NA|Dengue_virus_1
16,9,KP723473|DENV1/CN/GZ27/2014|NA|2014|Human|China|1_V|Dengue_virus_1
17,9,JX669507|423/BR_PE/06|NA|2006|Human|Brazil|3_III|Dengue_virus_3
18,9,KT726348|Cuba_21_2002|NA|2002|Human|Cuba|3_III|Dengue_virus_3
19,9,AF311957|BR/97_409|NA|1997|Human|NA|1|Dengue_virus_1
20,9,KJ622192|HN/2013/20|NA|2013|Human|China|3_II|Dengue_virus_3
21,9,JX669472|70523/BR_PE/00|NA|2000|Human|Brazil|NA|Dengue_virus_1
0,10,MK801805|Sipoo_8_Finland_2013|NA|2013|Tick|Finland|1__European_Subtype_|Tick_borne_encephalitis_virus
1,10,JQ825163|Primorye_750|NA|1998_08_05|Human|Russia|2__Far_Eastern_Subtype_|Tick_borne_encephalitis_virus
2,10,JQ825161|Primorye_345|NA|1999_05_25|Human|Russia|2__Far_Eastern_Subtype_|Tick_borne_encephalitis_virus
3,10,MK922617|Rauher_BuschP19_S40|NA|2018|Tick|Germany|1__European_Subtype_|Tick_borne_encephalitis_virus
4,10,KJ744034|Malishevo|NA|1978|Mosquito|Russia|2__Far_Eastern_Subtype_|Tick_borne_encephalitis_virus
5,10,AY169390|Primorye_332|NA|1991_06_19|Unknown|Russia|2__Far_Eastern_Subtype_|Tick_borne_encephalitis_virus
6,10,JQ825144|Primorye_828|NA|1998_08_25|Human|Russia|2__Far_Eastern_Subtype_|Tick_borne_encephalitis_virus
7,10,KU761568|Primorye_512|NA|1959|Mouse|Russia|2__Far_Eastern_Subtype_|Tick_borne_encephalitis_virus
8,10,KU761569|Primorye_696|NA|1960|Human|Russia|2__Far_Eastern_Subtype_|Tick_borne_encephalitis_virus
9,10,KU761575|Primorye_1285|NA|1958|Human|Russia|2__Far_Eastern_Subtype_|Tick_borne_encephalitis_virus
10,10,KP869172|Nikolaevsk_855|NA|1985_08_05|Tick|Russia|2__Far_Eastern_Subtype_|Tick_borne_encephalitis_virus
11,10,JQ825164|Primorye_823|NA|2000_07_24|Human|Russia|2__Far_Eastern_Subtype_|Tick_borne_encephalitis_virus
0,11,FJ898460|DENV_2/KN/BID_V2951/2001|NA|2001|Human|Saint_Kitts_and_Nevis|2_AsianAmerican|Dengue_virus_2
1,11,MH215277|Homo_sapiens/VEN_HUPAZ_1/2016|NA|2016_04|Human|Venezuela|2_AsianAmerican|Dengue_virus_2
2,11,MZ857218|KAJP21_DENV2_Eritrea_Eastern.Africa_2017|NA|2017|Human|Eritrea|2_Cosmopolitan|Dengue_virus_2
3,11,MH827526|D2/China/GDsw/D15024/2015_New_Guinea_|NA|2017|Human|China|2_Cosmopolitan|Dengue_virus_2
4,11,MH827551|D2/China/GDgz/GD17006/2017_Maldives_|NA|2017|Human|China|2_Cosmopolitan|Dengue_virus_2
0,12,FJ810416|DENV_3/VE/BID_V2453/2001|NA|2001|Human|Venezuela|3_III|Dengue_virus_3
1,12,JF920404|DENV_3/NI/BID_V5449/2009|NA|2009|Human|Nicaragua|3_III|Dengue_virus_3
2,12,KF971709|DENV_3/NI/BID_V5453/2009|NA|2009|Human|Nicaragua|3_III|Dengue_virus_3
3,12,GQ868577|DENV_3/CO/BID_V3403/2005|NA|2005|Human|Colombia|3_III|Dengue_virus_3
4,12,GU131918|DENV_3/IPC/BID_V3833/2007|NA|2007|Human|Cambodia|3|Dengue_virus_3
5,12,JF920402|DENV_3/NI/BID_V5441/2009|NA|2009|Human|Nicaragua|3_III|Dengue_virus_3
6,12,FJ639731|DENV_3/KH/BID_V2092/2007|NA|2007|Human|Cambodia|3_II|Dengue_virus_3
7,12,HM756282|DENV_3/NI/BID_V4759/2009|NA|2009|Human|Nicaragua|3_III|Dengue_virus_3
8,12,HQ541795|DENV_3/NI/BID_V4740/2009|NA|2009|Human|Nicaragua|3_III|Dengue_virus_3
9,12,HQ705614|DENV_3/NI/BID_V4867/2009|NA|2009|Human|Nicaragua|3_III|Dengue_virus_3
10,12,KJ189283|DENV_3/PE/BID_V7067/2007|NA|2007|Human|Peru|3_III|Dengue_virus_3
11,12,FJ639805|DENV_3/VE/BID_V2242/2005|NA|2005|Human|Venezuela|3_III|Dengue_virus_3
12,12,EU529691|DENV_3/VE/BID_V911/2001|NA|2001|Human|Venezuela|3_III|Dengue_virus_3
13,12,FJ898475|DENV_3/NI/BID_V2935/2008|NA|2008|Human|Nicaragua|3_III|Dengue_virus_3
14,12,FJ639798|DENV_3/VE/BID_V2231/2004|NA|2004|Human|Venezuela|3_III|Dengue_virus_3
15,12,KF955473|DENV_3/BR/BID_V2383/2002|NA|2002|Human|Brazil|3_III|Dengue_virus_3
16,12,EU529686|DENV_3/VE/BID_V1117/2001|NA|2001|Human|Venezuela|3_III|Dengue_virus_3
17,12,FJ898464|DENV_3/GY/BID_V2980/2002|NA|2002|Human|Guyana|3_III|Dengue_virus_3
18,12,FJ898444|DENV_3/CO/BID_V2986/2005|NA|2005|Human|Colombia|3_III|Dengue_virus_3
19,12,KJ189284|DENV_3/PE/BID_V7068/2008|NA|2008|Human|Peru|3_III|Dengue_virus_3
20,12,GQ199860|DENV_3/NI/BID_V3055/2008|NA|2008|Human|Nicaragua|3_III|Dengue_virus_3
21,12,HQ166031|DENV_3/NI/BID_V4732/2009|NA|2009|Human|Nicaragua|3_III|Dengue_virus_3
22,12,HQ541796|DENV_3/NI/BID_V4742/2009|NA|2009|Human|Nicaragua|3_III|Dengue_virus_3
23,12,GU131847|DENV_3/BR/BID_V3427/2006|NA|2006|Human|Brazil|3_III|Dengue_virus_3
24,12,JF937630|DENV_3/NI/BID_V4735/2009|NA|2009|Human|Nicaragua|3_III|Dengue_virus_3
25,12,KJ189295|DENV_3/PE/BID_V7084/2006|NA|2006|Human|Peru|3_III|Dengue_virus_3
26,12,KJ189261|DENV_3/PE/BID_V6263/2008|NA|2008|Human|Peru|3_III|Dengue_virus_3
27,12,FJ639765|DENV_3/VE/BID_V2195/2001|NA|2001|Human|Venezuela|3_III|Dengue_virus_3
28,12,GU131913|DENV_3/IPC/BID_V3827/2007|NA|2007|Human|Cambodia|3_II|Dengue_virus_3
29,12,FJ639804|DENV_3/VE/BID_V2240/2005|NA|2005|Human|Venezuela|3_III|Dengue_virus_3
30,12,FJ639719|DENV_3/KH/BID_V2071/2000|NA|2000|Human|Cambodia|3_II|Dengue_virus_3
31,12,GU131875|DENV_3/BR/BID_V3605/2007|NA|2007|Human|Brazil|3_III|Dengue_virus_3
32,12,KF955332|DENV_3/KH/BID_V2072/2000|NA|2000|Human|Cambodia|3_II|Dengue_virus_3
33,12,GQ868572|DENV_3/CO/BID_V3395/2003|NA|2003|Human|Colombia|3_III|Dengue_virus_3
34,12,FJ639752|DENV_3/VE/BID_V2181/2001|NA|2001|Human|Venezuela|3_III|Dengue_virus_3
35,12,GU131860|DENV_3/BR/BID_V3465/2006|NA|2006|Human|Brazil|3_III|Dengue_virus_3
36,12,GU131851|DENV_3/BR/BID_V3435/2006|NA|2006|Human|Brazil|3_III|Dengue_virus_3
37,12,GQ868629|DENV_3/KH/BID_V2087/2005|NA|2005|Human|Cambodia|3_II|Dengue_virus_3
38,12,EU482613|DENV_3/VE/BID_V906/2001|NA|2001|Human|Venezuela|3_III|Dengue_virus_3
39,12,GU131872|DENV_3/BR/BID_V3597/2007|NA|2007|Human|Brazil|3_III|Dengue_virus_3
40,12,FJ639728|DENV_3/KH/BID_V2088/2005|NA|2005|Human|Cambodia|3_II|Dengue_virus_3
41,12,FJ639747|DENV_3/VE/BID_V2175/2000|NA|2000|Human|Venezuela|3_III|Dengue_virus_3
42,12,FJ639786|DENV_3/VE/BID_V2219/2003|NA|2003|Human|Venezuela|3_III|Dengue_virus_3
43,12,KJ189263|DENV_3/PE/BID_V7042/2004|NA|2004|Human|Peru|3_III|Dengue_virus_3
44,12,FJ639779|DENV_3/VE/BID_V2212/2003|NA|2003|Human|Venezuela|3_III|Dengue_virus_3
45,12,FJ850086|DENV_3/BR/BID_V2394/2005|NA|2005|Human|Brazil|3_III|Dengue_virus_3
0,13,MH055376|SZ_WIV01|NA|2016|Unknown|China|Asian|Zika_virus
1,13,KX520666|HS_2015_BA_01|NA|2015_08|Human|Brazil|Asian|Zika_virus
2,13,KR872956|17829|NA|2015|Human|Brazil|Asian|Zika_virus
3,13,MH675627|CTS_193_16p|NA|2016_08|Human|Puerto_Rico|Asian|Zika_virus
4,13,MT507047|S_542/Yucatan/2017|NA|2017|Human|Mexico|NA|Zika_virus
5,13,KU955590|Z16019|NA|2016_02_26|Human|China|Asian|Zika_virus
6,13,KU501217|8375|NA|2015_11_01|Human|Guatemala|NA|Zika_virus
7,13,MT636065|ARCB116141|NA|2016_01_02|Human|Argentina|NA|Zika_virus
8,13,KY415990|Haiti/0036/2014|NA|2014_06_02|Human|Haiti|Asian|Zika_virus
9,13,OL414716|Faranah/18|NA|2018_12|Human|Guinea|West_African|Zika_virus
10,13,MT439645|1008_16|NA|2016_03_18|Human|Brazil|Asian|Zika_virus
11,13,KY328290|ZK_YN001|NA|2016_11_03|Human|China|Asian|Zika_virus
12,13,KU922923|MEX/InDRE/Lm/2016|NA|2016_02_25|Human|Mexico|Asian|Zika_virus
13,13,MF593625|Henan/001/2016|NA|2016_09_14|Human|China|Asian|Zika_virus
14,13,OL423649|GO14|NA|2016_04_29|Human|Brazil|Asian|Zika_virus
15,13,MT377498|MU_DMSC_4/2016|NA|2016_04_26|Human|Thailand|NA|Zika_virus
16,13,KU179098|JMB_185|NA|2014_12_30|Human|Indonesia|Asian|Zika_virus
17,13,MW165884|USVI/43/2016|NA|2016_07_19|Human|Virgin_Islands|Asian|Zika_virus
18,13,MW915412|7040|NA|2016_10_06|Human|Viet_Nam|NA|Zika_virus
19,13,OL423664|GO54|NA|2017_03_08|Human|Brazil|Asian|Zika_virus
20,13,KU744693|VE_Ganxian|NA|2016_02_06|Human|China|Asian|Zika_virus
0,14,JX669486|57135/BR_PE/99|NA|1999|Human|Brazil|2_AsianAmerican|Dengue_virus_2
1,14,JX286521|ACS721|NA|2010_05_04|Human|Brazil|2_AsianAmerican|Dengue_virus_2
2,14,MH450310|DENVEN_CC0007|NA|2010_08_31|Human|Venezuela|2_AsianAmerican|Dengue_virus
3,14,JX669481|3311/BR_PE/95|NA|1995|Human|Brazil|2_AsianAmerican|Dengue_virus_2
4,14,KP188552|BR/SJRP/572/2012|NA|2012_11_28|Human|Brazil|2_AsianAmerican|Dengue_virus_2
5,14,JX669483|37473/BR_PE/97|NA|1997|Human|Brazil|2_AsianAmerican|Dengue_virus_2
6,14,JX669482|3337/BR_PE/95|NA|1995|Human|Brazil|2_AsianAmerican|Dengue_virus_2
7,14,MZ008463|D2/NI/1670_1E/2013|NA|2013|Human|Nicaragua|2_AsianAmerican|Dengue_virus_2
8,14,GU369819|CAM7786|NA|2002_08_22|Human|Mexico|2_AsianAmerican|Dengue_virus_2
0,15,OK605753|DENV1_1_AUS_H_T1_9|NA|1983|Human|Australia|1_IV|Dengue_virus_1
1,15,GQ398258|DENV_2/ID/1016DN/1975|NA|1975|Human|Indonesia|2|Dengue_virus_2
2,15,AY713475|D1.Myanmar.206/01|NA|2001|Unknown|Myanmar|1|Dengue_virus_1
3,15,AB214881|D3/Hu/TL109NIID/2005|NA|NA|Human|Timor_Leste|NA|Dengue_virus_3
4,15,KP188564|BR/SJRP/614/2013|NA|2013_01_10|Human|Brazil|4_II|Dengue_virus_4
5,15,KJ830751|Jeddah_2014|NA|2014_01_26|Human|Saudi_Arabia|NA|Dengue_virus_3
6,15,MN621140|2013/NC/0566|NA|2013_05_10|Human|New_Caledonia|NA|Dengue_virus_1
7,15,AB214879|D3/Hu/TL018NIID/2005|NA|NA|Human|Timor_Leste|NA|Dengue_virus_3
8,15,MH544647|449335_Boyaca_CO_2015|NA|2015_08_23|Human|Colombia|3_III|Dengue_virus_3
9,15,KX595191|Hue265/2013|NA|2013_07_13|Unknown|Viet_Nam|1_I|Dengue_virus_1
10,15,MT832035|AB204803_D1_3_cp1|NA|2012|Human|Philippines|1_IV|Dengue_virus_1
11,15,MT832039|AB204803_D1_6_cp1|NA|2012|Human|Philippines|1_IV|Dengue_virus_1
0,16,EU726774|DENV_3/US/BID_V1454/1999|NA|1999|Human|USA|3_III|Dengue_virus_3
1,16,FJ882597|DENV_4/US/BID_V2444/1998|NA|1998|Human|USA|4_II|Dengue_virus_4
2,16,FJ850059|DENV_4/US/BID_V2443/1998|NA|1998|Human|USA|4_II|Dengue_virus_4
3,16,EU482559|DENV_3/US/BID_V1050/1998|NA|1998|Human|USA|3_III|Dengue_virus_3
4,16,KJ189312|DENV_1/MX/BID_V7563/2008|NA|2008|Mosquito|Mexico|NA|Dengue_virus_1
5,16,FJ639735|DENV_1/VE/BID_V2162/1997|NA|1997|Human|Venezuela|1|Dengue_virus_1
6,16,GU056031|DENV_1/VE/BID_V3543/1998|NA|1998|Human|Venezuela|1|Dengue_virus_1
7,16,GQ199889|DENV_3/LK/BID_V2410/1983|NA|1983|Human|Sri_Lanka|3|Dengue_virus_3
8,16,FJ882574|DENV_3/LK/BID_V2414/1985|NA|1985|Human|Sri_Lanka|3|Dengue_virus_3
9,16,FJ410182|DENV_1/US/BID_V2131/1996|NA|1996|Human|USA|1|Dengue_virus_1
10,16,GQ868584|DENV_4/CO/BID_V3411/2004|NA|2004|Human|Colombia|4_II|Dengue_virus_4
11,16,GQ252675|DENV_4/US/BID_V2432/1995|NA|1995|Human|USA|4_II|Dengue_virus_4
12,16,GU131984|DENV_1/MX/BID_V3761/2008|NA|2008|Mosquito|Mexico|1|Dengue_virus_1
13,16,FJ205872|DENV_1/US/BID_V1739/1998|NA|1998|Human|USA|1|Dengue_virus_1
14,16,GU056033|DENV_1/VE/BID_V3545/1998|NA|1998|Human|Venezuela|1|Dengue_virus_1
15,16,FJ410189|DENV_1/US/BID_V2140/1996|NA|1996|Human|USA|1|Dengue_virus_1
16,16,EU854301|DENV_4/VE/BID_V1161/2007|NA|2007|Human|Venezuela|4_II|Dengue_virus_4
17,16,FJ639744|DENV_4/VE/BID_V2172/1999|NA|1999|Human|Venezuela|4_II|Dengue_virus_4
18,16,FJ390375|DENV_3/US/BID_V1735/1999|NA|1999|Human|USA|3_III|Dengue_virus_3
0,17,MN844186|PRES1|NA|1991|Sheep|United_Kingdom|NA|Louping_ill_virus
1,17,NC_001564|Galveston|NA|2012|Mosquito|USA|NA|Cell_fusing_agent_virus
2,17,AB377213|NIID_21_2|NA|2003|Mosquito|Japan|NA|Culex_flavivirus
3,17,KC464457|LSFlaviV_A20_09|NA|2009_07|Mosquito|China|NA|Mosquito_flavivirus
4,17,LR694076|Zik|NA|2016|Mosquito|Uganda|NA|Cell_fusing_agent_virus
5,17,MF423373|PA193|NA|2017_02_21|Mosquito|Brazil|NA|Yellow_fever_virus
6,17,KM361634|K73884|NA|2011_04_13|Mosquito|Australia|NA|Fitzroy_River_virus
7,17,KY290254|EVG_2_86|NA|2013_06_24|Mosquito|USA|NA|Long_Pine_Key_virus
8,17,MK007550|ENG_A_1980|NA|1980|Sheep|United_Kingdom|NA|Louping_ill_virus
9,17,LR694080|mof2522|NA|2013|Mosquito|Cambodia|NA|Cell_fusing_agent_virus
10,17,EU770575|Spassk_9|NA|1975_04_15|Tick|Russia|NA|Powassan_virus
11,17,MF582366|M_20|NA|2014|Mosquito|Myanmar|NA|Culex_flavivirus
12,17,JQ308189|DG1068|NA|2010|Mosquito|China|NA|Culex_flavivirus
13,17,AB701771|Toyama75|NA|2004|Mosquito|Japan|NA|Culex_flavivirus
14,17,LR694072|FL_08_MOS|NA|2016|Mosquito|USA|NA|Cell_fusing_agent_virus
0,18,HM181941|DENV_1/KH/BID_V4239/2006|NA|2006|Human|Cambodia|1_I|Dengue_virus_1
1,18,HM181959|DENV_1/KH/BID_V4262/2007|NA|2007|Human|Cambodia|1_I|Dengue_virus_1
2,18,KJ189336|DENV_1/MX/BID_V7605/2008|NA|2008|Human|Mexico|NA|Dengue_virus_1
3,18,KJ189332|DENV_1/MX/BID_V7599/2008|NA|2008|Human|Mexico|NA|Dengue_virus_1
4,18,KJ189352|DENV_1/PR/BID_V7706/2012|NA|2012|Human|Puerto_Rico|NA|Dengue_virus_1
5,18,FJ744701|DENV_1/VE/BID_V2237/2004|NA|2004|Human|Venezuela|1|Dengue_virus_1
6,18,FJ687433|DENV_1/TH/BID_V2277/2001|NA|2001|Human|Thailand|1_I|Dengue_virus_1
7,18,GQ868569|DENV_1/CO/BID_V3390/2007|NA|2007|Human|Colombia|1|Dengue_virus_1
8,18,HM181936|DENV_1/KH/BID_V4234/2006|NA|2006|Human|Cambodia|1_I|Dengue_virus_1
9,18,FJ687428|DENV_1/TH/BID_V2271/2001|NA|2001|Human|Thailand|1_I|Dengue_virus_1
10,18,KF973454|DENV_1/NI/BID_V7644/2012|NA|2012|Human|Nicaragua|NA|Dengue_virus_1
11,18,KJ189340|DENV_1/MX/BID_V7609/2008|NA|2008|Human|Mexico|NA|Dengue_virus_1
12,18,FJ639671|DENV_1/KH/BID_V1981/2001|NA|2001|Human|Cambodia|1_I|Dengue_virus_1
13,18,GQ868514|DENV_1/MX/BID_V3710/2007|NA|2007|Human|Mexico|1|Dengue_virus_1
14,18,FJ639695|DENV_1/KH/BID_V2013/2007|NA|2007|Human|Cambodia|1_I|Dengue_virus_1
15,18,GQ868618|DENV_1/KH/BID_V1990/2003|NA|2003|Human|Cambodia|1_I|Dengue_virus_1
16,18,KJ189326|DENV_1/MX/BID_V7592/2007|NA|2007|Human|Mexico|NA|Dengue_virus_1
17,18,GQ868504|DENV_1/MX/BID_V3687/2007|NA|2007|Human|Mexico|1|Dengue_virus_1
18,18,FJ432720|DENV_1/NI/BID_V624/2005|NA|2005|Human|Nicaragua|1|Dengue_virus_1
19,18,FJ639669|DENV_1/KH/BID_V1978/2000|NA|2000|Human|Cambodia|1_I|Dengue_virus_1
20,18,GQ868566|DENV_1/CO/BID_V3386/2007|NA|2007|Human|Colombia|1|Dengue_virus_1
21,18,KJ189348|DENV_1/MX/BID_V7624/2011|NA|2011|Human|Mexico|NA|Dengue_virus_1
22,18,FJ024485|DENV_1/NI/BID_V629/2005|NA|2005|Human|Nicaragua|1|Dengue_virus_1
23,18,GU131840|DENV_1/VE/BID_V3573/2007|NA|2007|Human|Venezuela|1|Dengue_virus_1
24,18,FJ687432|DENV_1/TH/BID_V2276/2001|NA|2001|Human|Thailand|1_I|Dengue_virus_1
25,18,KF973468|DENV_1/NI/BID_V7682/2012|NA|2012|Human|Nicaragua|NA|Dengue_virus_1
0,19,MG840571|D1/China/GDzs/D16165/2016_Bali_|NA|2016|Human|China|NA|Dengue_virus_1
1,19,KY672937|DENV_1/China/YN/DGRL_6_2014_|NA|2014_08_01|Human|China|DENV_1|Dengue_virus_1
2,19,MG840561|D1/China/GDdg/D16001/2016_Brazil_|NA|2016|Human|China|NA|Dengue_virus_1
3,19,LC011949|D1/Hu/Shizuoka/NIID181/2014|NA|2014_09|Human|Japan|1_I|Dengue_virus_1
4,19,KY672946|DENV_2/China/YN/15DGR29_2015_|NA|2015_07_24|Human|China|2_AsianI|Dengue_virus_2
5,19,KJ596672|DENV_4/MT/BR91_TVP17968/2012|NA|2012_02_03|Human|Brazil|4_II|Dengue_virus_4
6,19,KY672955|DENV_2/China/YN/15DGR65_2015_|NA|2015_08_15|Human|China|2_AsianI|Dengue_virus_2
7,19,KJ596660|DENV_4/MT/BR40_TVP17926/2012|NA|2012_04_03|Human|Brazil|4_II|Dengue_virus_4
0,20,MT133690|UV/BlackBird/Sweden/SVA190801SZ0368/VLT001567/20_19|NA|2019_08_01|Blackbird|Sweden|NA|Usutu_virus
1,20,MN413675|SLEV/GIII/BuenosAires/Arg/001/2013|NA|2013_03_25|Human|Argentina|NA|Saint_Louis_encephalitis_virus
2,20,KU955592|Zika_virus/A.taylori_tc/SEN/1984/41662_DAK|NA|1984_12_06|Mosquito|Senegal|West_African|Zika_virus
0,21,KX380836|D2/SG/CT46/2013|NA|2013|Human|Singapore|NA|Dengue_virus_2
1,21,KM403624|SGEHI_D1_46841Y13|NA|2013|Human|Singapore|1_V|Dengue_virus_1
2,21,GU370052|SGEHI_D3_0040Y09|NA|2009_01|Human|Singapore|3|Dengue_virus_3
3,21,KM403601|SGEHI_D1_26957Y13|NA|2013|Human|Singapore|1_V|Dengue_virus_1
4,21,KX380832|D2/SG/CT40/2013|NA|2013|Human|Singapore|NA|Dengue_virus_2
5,21,KJ806949|SG_EHI_D1/41757Y13|NA|2013|Human|Singapore|1_I|Dengue_virus_1
6,21,JN851115|SGEHI_D2_0642Y07|NA|2007|Human|Singapore|NA|Dengue_virus_2
7,21,KM403632|SGEHI_D1_51687Y13|NA|2013|Human|Singapore|1_V|Dengue_virus_1
8,21,KJ806963|SG_EHI_D1/07211Y14|NA|2014|Human|Singapore|1_I|Dengue_virus_1
9,21,KX380841|D3/SG/CT14/2012|NA|2012|Human|Singapore|NA|Dengue_virus_3
10,21,KJ806951|SG_EHI_D1/51415Y13|NA|2013|Human|Singapore|1_I|Dengue_virus_1
11,21,KM403603|SGEHI_D1_13943Y13|NA|2013|Human|Singapore|1_V|Dengue_virus_1
12,21,JN851114|SGEHI_D2_0522Y07|NA|2007|Human|Singapore|NA|Dengue_virus_2
13,21,KM403592|SGEHI_D1_10152Y13|NA|2013|Human|Singapore|1_V|Dengue_virus_1
14,21,KM403620|SGEHI_D1_35663Y13|NA|2013|Human|Singapore|1_V|Dengue_virus_1
15,21,KM403622|SGEHI_D1_41379Y13|NA|2013|Human|Singapore|1_V|Dengue_virus_1
16,21,KY921904|SG_EHI_D2/09423Y14|NA|2014_03|Human|Singapore|2|Dengue_virus_2
0,22,EU660405|DENV_2/NI/BID_V1201/2007|NA|2007|Human|Nicaragua|2_AsianAmerican|Dengue_virus_2
1,22,FJ639822|DENV_2/VE/BID_V2262/2006|NA|2006|Human|Venezuela|2_AsianAmerican|Dengue_virus_2
2,22,GQ199890|DENV_2/BR/BID_V2402/2008|NA|2008|Human|Brazil|2_AsianAmerican|Dengue_virus_2
3,22,EU482749|DENV_2/NI/BID_V514/2005|NA|2005|Human|Nicaragua|2_AsianAmerican|Dengue_virus_2
4,22,FJ850078|DENV_2/BR/BID_V2386/2003|NA|2003|Human|Brazil|2_AsianAmerican|Dengue_virus_2
5,22,FJ810418|DENV_2/NI/BID_V2353/2008|NA|2008|Human|Nicaragua|2_AsianAmerican|Dengue_virus_2
6,22,JN819404|DENV_2/BR/BID_V3580/2008|NA|2008|Human|Brazil|2_AsianAmerican|Dengue_virus_2
7,22,EU482771|DENV_2/NI/BID_V557/2005|NA|2005|Human|Nicaragua|2_AsianAmerican|Dengue_virus_2
8,22,EU482622|DENV_2/NI/BID_V1198/2007|NA|2007|Human|Nicaragua|2_AsianAmerican|Dengue_virus_2
9,22,EU482761|DENV_2/NI/BID_V553/2005|NA|2005|Human|Nicaragua|2_AsianAmerican|Dengue_virus_2
10,22,FJ639733|DENV_2/VE/BID_V2159/2005|NA|2005|Human|Venezuela|2_AsianAmerican|Dengue_virus_2
11,22,EU482772|DENV_2/NI/BID_V565/2006|NA|2006|Human|Nicaragua|2_AsianAmerican|Dengue_virus_2
12,22,EU569702|DENV_2/NI/BID_V1228/2007|NA|2007|Human|Nicaragua|2_AsianAmerican|Dengue_virus_2
13,22,EU569697|DENV_2/NI/BID_V1208/2007|NA|2007|Human|Nicaragua|2_AsianAmerican|Dengue_virus_2
14,22,KF955369|DENV_2/NI/BID_V1226/2007|NA|2007|Human|Nicaragua|2_AsianAmerican|Dengue_virus_2
15,22,EU482632|DENV_2/NI/BID_V620/2005|NA|2005|Human|Nicaragua|2_AsianAmerican|Dengue_virus_2
16,22,FJ850062|DENV_2/NI/BID_V2659/2000|NA|2000|Human|Nicaragua|2_AsianAmerican|Dengue_virus_2
17,22,KF955366|DENV_2/NI/BID_V1218/2007|NA|2007|Human|Nicaragua|2_AsianAmerican|Dengue_virus_2
18,22,FJ639834|DENV_2/NI/BID_V2354/2007|NA|2007|Human|Nicaragua|2_AsianAmerican|Dengue_virus_2
19,22,EU482684|DENV_2/NI/BID_V571/2006|NA|2006|Human|Nicaragua|2_AsianAmerican|Dengue_virus_2
20,22,EU660406|DENV_2/NI/BID_V1207/2007|NA|2007|Human|Nicaragua|2_AsianAmerican|Dengue_virus_2
21,22,EU482624|DENV_2/NI/BID_V1229/2007|NA|2007|Human|Nicaragua|2_AsianAmerican|Dengue_virus_2
22,22,GU131955|DENV_2/MX/BID_V3768/2004|NA|2004|Human|Mexico|2_AsianAmerican|Dengue_virus_2
23,22,EU482694|DENV_2/NI/BID_V582/2007|NA|2007|Human|Nicaragua|2_AsianAmerican|Dengue_virus_2
0,23,MF522174|zjYY150901|NA|2015_09_01|Duck|China|NA|Tembusu_virus
1,23,MF522176|zjYY150903|NA|2015_09_01|Duck|China|NA|Tembusu_virus
2,23,MF374486|L._B.|NA|1958_09_23|Human|Canada|NA|Powassan_virus
3,23,KY623425|JS201102|NA|2011|Duck|China|NA|Tembusu_virus
4,23,KX686577|HD1_2013|NA|2013_10_18|Duck|China|NA|Tembusu_virus
5,23,KF826767|TMUV_SDHS|NA|2012_12_15|Sparrow|China|NA|Tembusu_virus
6,23,MF170977|1122|NA|2017_02_10|Human|Brazil|NA|Yellow_fever_virus
7,23,KM233707|CQW1|NA|2013_11_25|Duck|China|NA|Tembusu_virus
8,23,KR061333|DK/TH/CU_1|NA|2013_11|Duck|Thailand|NA|Duck_Tembusu_virus
9,23,JQ595407|XHZD/2010|NA|2010_11|Duck|China|NA|Tembusu_virus
10,23,JQ314465|ZJ_GH_2|NA|2010_12_08|Goose|China|NA|Tembusu_virus
11,23,JQ627862|CK_SD_11|NA|2010_04_28|Chicken|China|NA|Tembusu_virus
12,23,KJ746872|LI_1|NA|2013_04|Tick|USA|NA|Powassan_virus
13,23,MZ574097|P4|NA|2019_02_18|Duck|China|NA|Tembusu_virus
14,23,AB917090|TMUV_JSGo|NA|2012_12_01|Avian|China|NA|Tembusu_virus
15,23,MG647782|RTS96|NA|2016|Tick|USA|NA|Powassan_virus
16,23,KJ489355|df_2|NA|2012_10_03|Duck|China|NA|Duck_Tembusu_virus
17,23,MK907880|GA|NA|2018_11_17|Duck|China|NA|Duck_Tembusu_virus
18,23,KX686576|PY_2013|NA|2013_07_08|Duck|China|NA|Tembusu_virus
0,24,MW945543|00700/05|NA|2005|Human|Thailand|4_I|Dengue_virus_4
1,24,MW945502|00369/11|NA|2011|Human|Thailand|4_I|Dengue_virus_4
2,24,MW945473|02269/02|NA|2002|Human|Thailand|4_I|Dengue_virus_4
3,24,MW945571|00984/99|NA|1999|Human|Thailand|4_I|Dengue_virus_4
4,24,MW945728|00512/06|NA|2006|Human|Thailand|4_I|Dengue_virus_4
5,24,MW945469|00535/04|NA|2004|Human|Thailand|4_I|Dengue_virus_4
6,24,MW945644|00599/06|NA|2006|Human|Thailand|4_I|Dengue_virus_4
7,24,MW945758|02739/97|NA|1997|Human|Thailand|4_III|Dengue_virus_4
8,24,MW945586|00433/07|NA|2007|Human|Thailand|4_I|Dengue_virus_4
9,24,MW945709|30056/95|NA|1995|Human|Thailand|4_I|Dengue_virus_4
10,24,MW945639|05432/01|NA|2001|Human|Thailand|4_I|Dengue_virus_4
11,24,MW945595|00201/05|NA|2005|Human|Thailand|4_I|Dengue_virus_4
12,24,MW945670|00746/04|NA|2004|Human|Thailand|4_I|Dengue_virus_4
13,24,MW945491|00993/05|NA|2005|Human|Thailand|4_I|Dengue_virus_4
14,24,MW945529|00329/94|NA|1994|Human|Thailand|4_I|Dengue_virus_4
15,24,MW945614|02700/06|NA|2006|Human|Thailand|4_I|Dengue_virus_4
16,24,MW945556|00950/04|NA|2004|Human|Thailand|4_I|Dengue_virus_4
17,24,MW945743|01268/08|NA|2008|Human|Thailand|4_I|Dengue_virus_4
18,24,MW945565|00789/14|NA|2014|Human|Thailand|4_I|Dengue_virus_4
19,24,MW945533|00801/13|NA|2013|Human|Thailand|4_I|Dengue_virus_4
20,24,MW945476|30446/94|NA|1994|Human|Thailand|4_I|Dengue_virus_4
21,24,MW945637|00112/12|NA|2012|Human|Thailand|4_I|Dengue_virus_4
22,24,MW945701|01104/12|NA|2012|Human|Thailand|4_I|Dengue_virus_4
23,24,MW945575|00311/06|NA|2006|Human|Thailand|4_I|Dengue_virus_4
24,24,MW945746|00781/09|NA|2009|Human|Thailand|4_I|Dengue_virus_4
25,24,MW945599|01477/00|NA|2000|Human|Thailand|4_I|Dengue_virus_4
26,24,MW945762|00257/11|NA|2011|Human|Thailand|4_I|Dengue_virus_4
27,24,MW945509|00251/11|NA|2011|Human|Thailand|4_I|Dengue_virus_4
28,24,MW945510|00010/00|NA|2000|Human|Thailand|4_I|Dengue_virus_4
29,24,MW945654|01074/94|NA|1994|Human|Thailand|4_I|Dengue_virus_4
30,24,MW945643|01647/06|NA|2006|Human|Thailand|4_I|Dengue_virus_4
31,24,MW945507|00460/05|NA|2005|Human|Thailand|4_I|Dengue_virus_4
32,24,MW945649|02383/06|NA|2006|Human|Thailand|4_I|Dengue_virus_4
33,24,MW945663|30540/94|NA|1994|Human|Thailand|4_I|Dengue_virus_4
34,24,MW945711|00820/05|NA|2005|Human|Thailand|4_I|Dengue_virus_4
35,24,MW945698|00286/03|NA|2003|Human|Thailand|4_I|Dengue_virus_4
0,25,MW946196|00968/95|NA|1995|Human|Thailand|1_I|Dengue_virus_1
1,25,MW946036|01792/96|NA|1996|Human|Thailand|NA|Dengue_virus_1
2,25,MW946822|01486/95|NA|1995|Human|Thailand|3_II|Dengue_virus_3
3,25,MW946834|01697/96|NA|1996|Human|Thailand|3_II|Dengue_virus_3
4,25,MW946104|30295/95|NA|1995|Human|Thailand|NA|Dengue_virus_1
5,25,MW946071|00942/96|NA|1996|Human|Thailand|NA|Dengue_virus_1
6,25,MW946963|00098/94|NA|1994|Human|Thailand|3_II|Dengue_virus_3
7,25,MW945847|06810/98|NA|1998|Human|Thailand|1_I|Dengue_virus_1
8,25,MW946941|02222/96|NA|1996|Human|Thailand|3_II|Dengue_virus_3
9,25,MW946818|00800/94|NA|1994|Human|Thailand|3_II|Dengue_virus_3
10,25,MW945795|02080/97|NA|1997|Human|Thailand|1_I|Dengue_virus_1
11,25,MW946777|00530/95|NA|1995|Human|Thailand|3_II|Dengue_virus_3
12,25,MW946167|01447/94|NA|1994|Human|Thailand|NA|Dengue_virus_1
13,25,MW946629|01868/98|NA|1998|Human|Thailand|3_II|Dengue_virus_3
14,25,MW945808|05946/99|NA|1999|Human|Thailand|1_I|Dengue_virus_1
15,25,MW946225|01057/97|NA|1997|Human|Thailand|1_I|Dengue_virus_1
16,25,MW946212|00350/94|NA|1994|Human|Thailand|NA|Dengue_virus_1
17,25,MW946135|03704/99|NA|1999|Human|Thailand|1_I|Dengue_virus_1
18,25,MW945801|01173/98|NA|1998|Human|Thailand|1_I|Dengue_virus_1
19,25,MW945925|00207/95|NA|1995|Human|Thailand|NA|Dengue_virus_1
20,25,MW946681|07180/97|NA|1997|Human|Thailand|3_II|Dengue_virus_3
21,25,MW946091|01789/96|NA|1996|Human|Thailand|1_I|Dengue_virus_1
22,25,MW946669|01720/96|NA|1996|Human|Thailand|3_II|Dengue_virus_3
23,25,MW946715|00165/99|NA|1999|Human|Thailand|3_II|Dengue_virus_3
24,25,MW945826|04772/97|NA|1997|Human|Thailand|NA|Dengue_virus_1
25,25,MW945834|01049/96|NA|1996|Human|Thailand|NA|Dengue_virus_1
0,26,KC762677|MKS_IF011|NA|2008_02_15|Human|Indonesia|2|Dengue_virus_2
1,26,KC762663|MKS_2024|NA|2008_02_20|Human|Indonesia|2|Dengue_virus_2
2,26,KC762666|MKS_3007|NA|2008_02_15|Human|Indonesia|2|Dengue_virus_2
3,26,KC762629|MKS_IF039|NA|2008_03_15|Human|Indonesia|1_I|Dengue_virus_1
4,26,KC762637|MKS_0352|NA|2007_12_11|Human|Indonesia|1_I|Dengue_virus_1
5,26,KC762653|MKS_0486|NA|2008_02_01|Human|Indonesia|1_IV|Dengue_virus_1
6,26,KC762640|MKS_2029|NA|2008_08_04|Human|Indonesia|1_IV|Dengue_virus_1
7,26,KC762669|MKS_0071|NA|2007_07_17|Human|Indonesia|2|Dengue_virus_2
8,26,KC762645|MKS_2040|NA|2008_02_15|Human|Indonesia|1_I|Dengue_virus_1
9,26,KC762623|MKS_0206|NA|2007_07_17|Human|Indonesia|1_I|Dengue_virus_1
10,26,KC762622|MKS_2200|NA|2008_04_09|Human|Indonesia|1_I|Dengue_virus_1
0,27,JX015518|TX_AR8_6866|NA|2008_09_09|Mosquito|Mexico|1A|West_Nile_virus
1,27,KY782119|M10_10|NA|2010_08_25|Mosquito|USA|1A|West_Nile_virus
2,27,JX015516|TX_AR7_6745|NA|2007_08_14|Mosquito|USA|1A|West_Nile_virus
3,27,MG004531|RT335|NA|2016_05_11|Mosquito|USA|1A|West_Nile_virus
4,27,KY782122|M10_13|NA|2010_09_03|Mosquito|USA|1A|West_Nile_virus
5,27,MG004541|RT496|NA|2017_04_26|Mosquito|USA|1A|West_Nile_virus
6,27,MG004540|RT825|NA|2015_05_12|Mosquito|USA|1A|West_Nile_virus
7,27,KF704153|AZ10_581|NA|2010_08_06|Mosquito|USA|1A|West_Nile_virus
8,27,KY782114|M9_4|NA|2009_08_12|Mosquito|USA|1A|West_Nile_virus
9,27,KY782112|M5_16|NA|2005_09_15|Mosquito|USA|1A|West_Nile_virus
10,27,JX015519|TX_AR9_5282|NA|2009_07_28|Mosquito|USA|1A|West_Nile_virus
11,27,MG004534|RT443|NA|2016_06_28|Mosquito|USA|1A|West_Nile_virus
0,28,KX547428|WNV_1/Culiseta_sp./USA/39020401/2002|NA|2002_09_26|Mosquito|USA|1A|West_Nile_virus
1,28,KX547301|WNV_1/Culiseta_sp./USA/37020269/2002|NA|2002_09_10|Mosquito|USA|1A|West_Nile_virus
2,28,KX547550|WNV_1/Culiseta_sp./USA/36030394/2003|NA|2003_09_04|Mosquito|USA|1A|West_Nile_virus
3,28,KX547527|WNV_1/Equus_caballus/USA/020A0011/2002|NA|2002_10_03|Horse|USA|1A|West_Nile_virus
4,28,KX547166|WNV_1/Equus_caballus/USA/030A0025/2003|NA|2003_10_28|Horse|USA|1A|West_Nile_virus
0,29,MW158350|INHRR2a_04/TVP21811|NA|2004|Monkey|Venezuela|NA|Yellow_fever_virus
1,29,MK333803|GO05|NA|2017_04_20|Black_Howler|Brazil|NA|Yellow_fever_virus
2,29,MF370539|PR5889_BeAn844334|NA|2017_02_23|Monkey|Brazil|NA|Yellow_fever_virus
3,29,MG589641|YFV_SH01/2016|NA|2016_03_18|Human|China|Angola_Genotype|Yellow_fever_virus
4,29,HM582851|TVP11767|NA|2009|Monkey|Trinidad_and_Tobago|NA|Yellow_fever_virus
5,29,MK760662|YFV_t146a208_Jan12_ur|NA|2018_01_12|Human|Netherlands|NA|Yellow_fever_virus
6,29,NC_027817|92_B115745|NA|2007|Unknown|Australia|NA|Parramatta_River_virus
0,30,MW364631|NewCaledonia_2014_114048357_806_C6/36|NA|2014_02_17|Human|New_Caledonia|I|Dengue_virus_1
1,30,MZ857223|KAJP27_DENV1_Sumatra_South.East.Asia_2006|NA|2006|Human|Indonesia|NA|Dengue_virus_1
2,30,KU216209|Rajasthan.India/Balotra_87_s/2013|NA|2013_11_11|Human|India|NA|Dengue_virus_3
3,30,MW315189|New_Caledonia_2017_AVS_NC_079|NA|2017_03_07|Human|New_Caledonia|I|Dengue_virus_1
4,30,MZ857205|KAJP5_DENV1_Angola_Central.Africa_2013|NA|2013|Human|Angola|NA|Dengue_virus_1
0,31,FJ196847|GD01/97|NA|1997|Unknown|China|NA|Dengue_virus_1
1,31,JN638337|KD90_157|NA|1990|Unknown|Thailand|NA|Dengue_virus_1
2,31,MW828678|57BC|NA|2019_05|Mosquito|India|1_IV|Dengue_virus_1
3,31,AF513110|BR/01_MR|NA|2001|Unknown|NA|1|Dengue_virus_1
4,31,AY618991|ThD4_0087_77|NA|1977|Unknown|Thailand|4|Dengue_virus_4
5,31,FJ196852|GD01/01|NA|2001|Unknown|China|NA|Dengue_virus_2
6,31,DQ672562|HawM2540|NA|2001|Unknown|USA|1_IV|Dengue_virus_1
7,31,DQ675531|98TW503|NA|1998|Unknown|Taiwan|3_II|Dengue_virus_3
8,31,DQ675519|95TW466|NA|1995|Unknown|Taiwan|3_I|Dengue_virus_3
9,31,MK506265|h87_2007|NA|2007_08|Unknown|Thailand|NA|Dengue_virus_3
10,31,DQ672563|HawO3758|NA|2001|Unknown|USA|1_IV|Dengue_virus_1
11,31,FJ196842|GD66/03|NA|2003|Unknown|China|1_IV|Dengue_virus_1
0,32,MG461312|USUV_355m_Israel04[USUTU]|NA|2004_09_27|Unknown|Israel|NA|Usutu_virus
1,32,MK230891|USU_BE_Grivegnee/2017|NA|2017_08|Blackbird|Belgium|NA|Usutu_virus
2,32,MF380431|ARD99335_BARKEDJI_SEN_1994|NA|1994|Mosquito|Senegal|NA|Bagaza_virus
3,32,MF380427|ARD171075_BARKEDJI_SEN_2004|NA|2004|Mosquito|Senegal|NA|Bagaza_virus
4,32,MF380426|ARD138018_DIAWARA_SEN_2000|NA|2000|Mosquito|Senegal|NA|Bagaza_virus
5,32,KY263625|USU_BE_Frameries/2016|NA|2016_10|Blackbird|Belgium|NA|Usutu_virus
6,32,KY056257|WSLV_IP262451/SEN/2014|NA|2014_02|Human|Senegal|NA|Wesselsbron_virus
0,33,KJ501457|WNV_1/US/BID_V6429/2003|NA|2003|Crow|USA|1A|West_Nile_virus
1,33,KJ501434|WNV_1/US/BID_V7277/2012|NA|2012|Pelican|USA|1A|West_Nile_virus
2,33,KJ501424|WNV_1/US/BID_V6694/2007|NA|2007|Pelican|USA|1A|West_Nile_virus
3,33,KJ501530|WNV_1/US/BID_V7281/2012|NA|2012|Goose|USA|1A|West_Nile_virus
4,33,JN183888|WNV_1/US/BID_V4896/2006|NA|2006|Crow|USA|1A|West_Nile_virus
5,33,HQ671730|WNV_1/US/BID_V4897/2007|NA|2007|Crow|USA|1A|West_Nile_virus
6,33,HM488179|WNV_1/US/BID_V4338/2002|NA|2002|Avian|USA|1A|West_Nile_virus
7,33,HM488194|WNV_1/US/BID_V4374/2005|NA|2005|Avian|USA|1A|West_Nile_virus
8,33,KJ501465|WNV_1/US/BID_V6450/2001|NA|2001|Crow|USA|1A|West_Nile_virus
9,33,KJ501335|WNV_1/US/BID_V6513/2005|NA|2005|Pelican|USA|1A|West_Nile_virus
10,33,KJ501303|WNV_1/US/BID_V6446/2002|NA|2002|Blue_Jay|USA|1A|West_Nile_virus
11,33,KJ501527|WNV_1/US/BID_V6696/2003|NA|2003|Crow|USA|1A|West_Nile_virus
12,33,HM756665|WNV_1/US/BID_V4709/2002|NA|2002|Avian|USA|1A|West_Nile_virus
13,33,KJ501515|WNV_1/US/BID_V6620/2001|NA|2001|Hawk|USA|1A|West_Nile_virus
14,33,KJ501474|WNV_1/US/BID_V6470/2002|NA|2002|Owl|USA|1A|West_Nile_virus
15,33,KJ501233|WNV_1/US/BID_V6173/2001|NA|2001|Blue_Jay|USA|1A|West_Nile_virus
16,33,KJ501288|WNV_1/US/BID_V6420/2001|NA|2001|Crow|USA|1A|West_Nile_virus
17,33,HM488237|WNV_1/US/BID_V4622/2008|NA|2008|Avian|USA|1A|West_Nile_virus
18,33,HM488242|WNV_1/US/BID_V4631/2008|NA|2008|Avian|USA|1A|West_Nile_virus
19,33,KJ501244|WNV_1/US/BID_V6188/2001|NA|2001|Crow|USA|1A|West_Nile_virus
20,33,KJ501368|WNV_1/US/BID_V6573/2002|NA|2002|Crow|USA|1A|West_Nile_virus
21,33,KJ501416|WNV_1/US/BID_V6683/2006|NA|2006|Shorebird|USA|1A|West_Nile_virus
22,33,KJ501483|WNV_1/US/BID_V6492/2002|NA|2002|Blue_Jay|USA|1A|West_Nile_virus
23,33,KJ501407|WNV_1/US/BID_V6667/2006|NA|2006|Pelican|USA|1A|West_Nile_virus
24,33,JF730042|WNV_1/US/BID_V5147/2007|NA|2007|Crow|USA|1A|West_Nile_virus
25,33,KJ501492|WNV_1/US/BID_V6512/2005|NA|2005|Pelican|USA|1A|West_Nile_virus
26,33,KJ501391|WNV_1/US/BID_V6647/2003|NA|2003|Pelican|USA|1A|West_Nile_virus
27,33,HM488187|WNV_1/US/BID_V4351/2003|NA|2003|Avian|USA|1A|West_Nile_virus
28,33,KJ501318|WNV_1/US/BID_V6480/2002|NA|2002|Crow|USA|1A|West_Nile_virus
29,33,HM488184|WNV_1/US/BID_V4346/2002|NA|2002|Blue_Jay|USA|1A|West_Nile_virus
30,33,KJ501354|WNV_1/US/BID_V6555/2003|NA|2003|Crow|USA|1A|West_Nile_virus
31,33,KJ501329|WNV_1/US/BID_V6500/2003|NA|2003|Goose|USA|1A|West_Nile_virus
32,33,KJ501476|WNV_1/US/BID_V6473/2002|NA|2002|Magpie|USA|1A|West_Nile_virus
0,34,FJ687443|DENV_2/TH/BID_V2288/2001|NA|2001|Human|Thailand|2_AsianI|Dengue_virus_2
1,34,FJ639697|DENV_2/KH/BID_V2020/2001|NA|2001|Human|Cambodia|2|Dengue_virus_2
2,34,GQ868545|DENV_2/TH/BID_V3500/1996|NA|1996|Human|Thailand|2_AsianI|Dengue_virus_2
3,34,KF955401|DENV_2/KH/BID_V4269/2008|NA|2008|Human|Cambodia|2_AsianI|Dengue_virus_2
4,34,FJ744723|DENV_2/TH/BID_V2309/2001|NA|2001|Human|Thailand|2_AsianI|Dengue_virus_2
5,34,FJ639704|DENV_2/KH/BID_V2036/2003|NA|2003|Human|Cambodia|2_AsianI|Dengue_virus_2
6,34,FJ639706|DENV_2/KH/BID_V2040/2004|NA|2004|Human|Cambodia|2_AsianI|Dengue_virus_2
7,34,FJ687442|DENV_2/TH/BID_V2287/2001|NA|2001|Human|Thailand|2_AsianI|Dengue_virus_2
8,34,JF730050|DENV_2/US/BID_V5412/2007|NA|2007|Human|USA|2_AsianII|Dengue_virus_2
9,34,GU131924|DENV_2/IPC/BID_V3922/2008|NA|2008|Human|Cambodia|2_AsianI|Dengue_virus_2
0,35,KR908702|K05GS|NA|2005|Mosquito|South_Korea|GI|Japanese_encephalitis_virus
1,35,KF711994|Anyang300|NA|1975|Swine|South_Korea|GIII|Japanese_encephalitis_virus
2,35,MN615726|JL_T75|NA|2015_05_12|Tick|China|NA|Tick_borne_encephalitis_virus
3,35,KC852189|MVE_1_51_P0|NA|2012|Unknown|Australia|I|Murray_Valley_encephalitis_virus
4,35,MH184574|UNKNOWN_MH184574|NA|2017|Mosquito|China|GI|Japanese_encephalitis_virus
5,35,MH490797|3094_18_10|NA|2010|Vole|Russia|NA|Tick_borne_encephalitis_virus
6,35,MH184570|UNKNOWN_MH184570|NA|2017|Mosquito|China|GI|Japanese_encephalitis_virus
7,35,KR908703|K88A071|NA|1988|Mosquito|South_Korea|GIII|Japanese_encephalitis_virus
0,36,KM203862|Cz_13_479|NA|2013_08_08|Mosquito|Czech_Republic|2|West_Nile_virus
1,36,KF367469|BVI2013_Heart|NA|2013_03_30|Flamingo|British_Virgin_Islands|1A|West_Nile_virus
2,36,JN716372|COL9835/08|NA|2008_07|American_Flamingo|Colombia|1A|West_Nile_virus
0,37,JQ922556|DENV_3/IND/58760/2005|NA|2005|Human|India|3|Dengue_virus_3
1,37,MG840568|D1/China/GDcz/D16152/2016|NA|2016|Human|China|1_V|Dengue_virus_1
2,37,KF041255|D3/Pakistan/55505/2007|NA|2007|Human|Pakistan|3|Dengue_virus_3
3,37,KX225483|GZ8_2/S/Yuexiu/2014/DEV1|NA|2015|Human|China|1_V|Dengue_virus_1
4,37,KF041256|D3/Pakistan/55709/2006|NA|2006|Human|Pakistan|3|Dengue_virus_3
5,37,JQ922560|DENV_4/IND/0952326/2009|NA|2009|Human|India|4|Dengue_virus_4
6,37,MG840541|D1/China/GDgz/D14223/2014|NA|2014|Human|China|NA|Dengue_virus_1
7,37,KF041254|D3/Pakistan/56/2008|NA|2008|Human|Pakistan|3|Dengue_virus_3
8,37,MH271405|DV1D/China/GDfs/14264/2014|NA|2014|Human|China|NA|Dengue_virus_1
9,37,MG840559|D1/China/GDst/D15350/2015__|NA|2015|Human|China|NA|Dengue_virus_1
10,37,MG840577|D1/China/GDfs/D17103|NA|2017|Human|China|NA|Dengue_virus_1
0,38,KJ189308|DENV_2/MX/BID_V7535/2009|NA|2009|Mosquito|Mexico|2_AsianAmerican|Dengue_virus_2
1,38,KC294200|DENV_2/PE/FMD1337/2007|NA|2007_03_28|Human|Peru|2_AsianAmerican|Dengue_virus_2
2,38,GQ398292|DENV_2/PR/6DN/1994|NA|1994|Human|Puerto_Rico|2_AsianAmerican|Dengue_virus_2
3,38,GQ398282|DENV_2/PR/35DN/1994|NA|1994|Human|Puerto_Rico|2_AsianAmerican|Dengue_virus_2
4,38,JF327392|DENV_2/SG/D2Y98P_PP1/2009|NA|2009|Unknown|Singapore|DENV_2|Dengue_virus_2
5,38,GQ868598|DENV_2/VE/BID_V3365/1991|NA|1991|Human|Venezuela|2_AsianAmerican|Dengue_virus_2
6,38,KC294220|DENV_2/PE/IQA_2042/2010|NA|2010_11_04|Human|Peru|2_AsianAmerican|Dengue_virus_2
7,38,KF955372|DENV_2/PR/BID_V1406/1997|NA|1997|Human|Puerto_Rico|2_AsianAmerican|Dengue_virus_2
8,38,MH069499|DENV_2/VE/IDAMS/910105|NA|2015_09_22|Human|Venezuela|2_AsianAmerican|Dengue_virus_2
0,39,MW164757|USUV/Culex.pipiens/18pool1614/Italy_VI/2018|NA|2018_08_09|Mosquito|Italy|NA|Usutu_virus
1,39,MW164661|USUV/Culex.pipiens/13pool5687/Italy_RO/2013|NA|2013_08_08|Mosquito|Italy|NA|Usutu_virus
2,39,MW164741|USUV/Culex.pipiens/18pool1263/Italy_VR/2018|NA|2018_07_19|Mosquito|Italy|NA|Usutu_virus
3,39,MW164664|USUV/Culex.pipiens/13pool5827/Italy_RO/2013|NA|2013_08_13|Mosquito|Italy|NA|Usutu_virus
4,39,MW164734|USUV/Culex.pipiens/18pool1141/Italy_PN/2018|NA|2018_07_17|Mosquito|Italy|NA|Usutu_virus
5,39,MW164740|USUV/Culex.pipiens/18pool1262/Italy_VR/2018|NA|2018_07_19|Mosquito|Italy|NA|Usutu_virus
6,39,MW164685|USUV/Culex.pipiens/15pool1187/Italy_VR/2015|NA|2015_07_22|Mosquito|Italy|NA|Usutu_virus
7,39,MW164641|USUV/Culex.pipiens/12pool1898/Italy_RO/2012|NA|2012_07_24|Mosquito|Italy|NA|Usutu_virus
8,39,MW164771|USUV/Turdus.merula/18VIR7859_4/Italy_TN/2018|NA|2018_09_07|Blackbird|Italy|NA|Usutu_virus
9,39,MW164695|USUV/Turdus.merula/15VIR4781_42/Italy_TV/2015|NA|2015_09_15|Blackbird|Italy|NA|Usutu_virus
10,39,MW164759|USUV/Culex.pipiens/18pool1649/Italy_UD/2018|NA|2018_08_14|Mosquito|Italy|NA|Usutu_virus
11,39,MW164668|USUV/Culex.pipiens/13pool6465/Italy_VI/2013|NA|2013_09_05|Mosquito|Italy|NA|Usutu_virus
12,39,MW164677|USUV/Culex.pipiens/14pool1489/Italy_VR/2014|NA|2014_09_02|Mosquito|Italy|NA|Usutu_virus
13,39,MW164692|USUV/Culex.pipiens/15pool1759/Italy_TV/2015|NA|2015_09_02|Mosquito|Italy|NA|Usutu_virus
14,39,MW164758|USUV/Culex.pipiens/18pool1617/Italy_VR/2018|NA|2018_08_09|Mosquito|Italy|NA|Usutu_virus
15,39,MW164673|USUV/Culex.pipiens/14pool1394/Italy_VE/2014|NA|2014_08_26|Mosquito|Italy|NA|Usutu_virus
16,39,MW164705|USUV/Culex.pipiens/16pool2336/Italy_VE/2016|NA|2016_08_29|Mosquito|Italy|NA|Usutu_virus
0,40,KX811222|Brazil_2015_MG|NA|2016_06_14|Unknown|Brazil|Asian|Zika_virus
1,40,KY766069|PF13/251013_18|NA|2013_10_25|Human|French_Polynesia|Asian|Zika_virus
2,40,KY241769|ZIKV_SG_099|NA|2016_09_10|Human|Singapore|Asian|Zika_virus
0,41,KY586867|Ser4_Thailand_Bangkok_Seq29|NA|2004|Human|Thailand|4_I|Dengue_virus
1,41,KY586679|Ser2_Thailand_Bangkok_Seq85|NA|2001|Human|Thailand|2_AsianI|Dengue_virus
2,41,KY586880|Ser4_Thailand_nonBKK_Seq23|NA|2005|Human|Thailand|4_I|Dengue_virus
3,41,KY586833|Ser4_Thailand_Bangkok_Seq4|NA|1998|Human|Thailand|4_I|Dengue_virus
4,41,KY586828|Ser4_Thailand_nonBKK_Seq5|NA|2006|Human|Thailand|4_I|Dengue_virus
5,41,KY586842|Ser4_Thailand_Bangkok_Seq11|NA|2006|Human|Thailand|4_I|Dengue_virus
6,41,KY586681|Ser2_Thailand_Bangkok_Seq87|NA|2001|Human|Thailand|2_AsianI|Dengue_virus
7,41,KY586907|Ser4_Thailand_Bangkok_Seq49|NA|2003|Human|Thailand|4_I|Dengue_virus
8,41,KY586905|Ser4_Thailand_nonBKK_Seq36|NA|2004|Human|Thailand|4_I|Dengue_virus
9,41,KY586936|Ser4_Thailand_Bangkok_Seq73|NA|2000|Human|Thailand|4_I|Dengue_virus
10,41,KY586933|Ser4_Thailand_Bangkok_Seq70|NA|2000|Human|Thailand|4_I|Dengue_virus
11,41,KY586925|Ser4_Thailand_Bangkok_Seq63|NA|2002|Human|Thailand|4_I|Dengue_virus
0,42,MG599616|1421|NA|2002|Unknown|Taiwan|2_Cosmopolitan|Dengue_virus
1,42,MK783209|GZ8H/21|NA|2018|Human|China|2_Cosmopolitan|Dengue_virus_2
2,42,AF359579|FJ11/99|NA|1999|Unknown|NA|2_Cosmopolitan|Dengue_virus_2
3,42,MG599603|1252|NA|2002|Unknown|Taiwan|2_Cosmopolitan|Dengue_virus
4,42,EU056812|1328|NA|1977|Human|Puerto_Rico|2_American|Dengue_virus_2
5,42,MF940245|YN101816|NA|2015|Unknown|China|2_Cosmopolitan|Dengue_virus_2
6,42,MH822948|Cosmopolitan|NA|2012|Human|India|2_Cosmopolitan|Dengue_virus_2
7,42,EF105387|IBH11208|NA|1966|Unknown|Nigeria|2_sylvatic|Dengue_virus_2
8,42,AY702034|Cuba13/97|NA|1997|Unknown|Cuba|2_AsianAmerican|Dengue_virus_2
9,42,AF022438|ThNH_p12/93|NA|1993|Unknown|NA|2_AsianI|Dengue_virus_2
10,42,MG599630|2659|NA|2002|Unknown|Taiwan|2_Cosmopolitan|Dengue_virus
11,42,MN577554|040_6_17|NA|2017_06|Human|Kenya|Cosmopolitan|Dengue_virus_2
12,42,MF940250|YN102823|NA|2015|Unknown|China|2_Cosmopolitan|Dengue_virus_2
13,42,MZ453009|SD9|NA|2019|Human|China|2_Cosmopolitan|Dengue_virus_2
0,43,KU955593|Zika_virus/H.sapiens_tc/KHM/2010/FSS13025|NA|2010|Human|Cambodia|Asian|Zika_virus
1,43,MZ008356|ZIKV/Homo_sapiens/Cambodia/2019/SZ1901|NA|2019_12|Human|Cambodia|Asian|Zika_virus
2,43,KY559023|ZIKV/Homo_sapiens/Brazil/2016/ZBRX130|NA|2016_03_22|Human|Brazil|Asian|Zika_virus
3,43,MF801387|ZIKV/Homo_sapiens/HND/2016/Honduras_1122|NA|2016_03_29|Human|Honduras|Asian|Zika_virus
4,43,KY317937|ZIKV/Homo_sapiens/Colombia/2016/ZC192Se|NA|2016_01_07|Human|Colombia|Asian|Zika_virus
5,43,KX694533|ZIKV/Aedes_aegypti/MYS/P6_740/1966|NA|1966_07_14|Mosquito|Malaysia|Asian|Zika_virus
6,43,MF783072|Zika_virus/mosquito/Haiti/1855/2016|NA|2016_06_27|Mosquito|Haiti|Asian|Zika_virus
0,44,KY069120|118_71|NA|1971|Squirrel|Russia|1__European_Subtype_|Tick_borne_encephalitis_virus
1,44,JN003207|Cht_653|NA|1995|Human|Russia|3__Siberian_Subtype_|Tick_borne_encephalitis_virus
2,44,MK922615|HB_IF06_8033|NA|2018|Tick|Germany|1__European_Subtype_|Tick_borne_encephalitis_virus
3,44,KJ739731|Tomsk_M83|NA|2006|Shrew|Russia|2__Far_Eastern_Subtype_|Tick_borne_encephalitis_virus
4,44,JF316707|MDJ_02|NA|2010_06|Human|China|2__Far_Eastern_Subtype_|Tick_borne_encephalitis_virus
5,44,HM535610|KrM_213|NA|2006|Mouse|South_Korea|1__European_Subtype_|Tick_borne_encephalitis_virus
6,44,JN003209|Irkutsk_12|NA|2010|Human|Russia|3__Siberian_Subtype_|Tick_borne_encephalitis_virus
0,45,KX547400|WNV_1/Passer_domesticus/USA/06VER01551/2006|NA|2006_08_30|Sparrow|USA|1A|West_Nile_virus
1,45,KX547462|WNV_1/Corvus_brachyrhynchos/USA/04001207/2004|NA|2004_06_29|Crow|USA|1A|West_Nile_virus
2,45,KX547187|WNV_1/Corvus_brachyrhynchos/USA/08VER00901/2008|NA|2008_08_28|Crow|USA|1A|West_Nile_virus
3,45,KX547577|WNV_1/Corvus_brachyrhynchos/USA/04001515/2004|NA|2004_07_14|Crow|USA|1A|West_Nile_virus
4,45,KX547359|WNV_1/Corvus_brachyrhynchos/USA/06VER01340/2006|NA|2006_08_14|Crow|USA|1A|West_Nile_virus
5,45,KX547313|WNV_1/Corvus_brachyrhynchos/USA/04002252/2004|NA|2004_08_03|Crow|USA|1A|West_Nile_virus
6,45,KX547253|WNV_1/Corvus_brachyrhynchos/USA/04000667/2004|NA|2004_05_30|Crow|USA|1A|West_Nile_virus
7,45,KX547569|WNV_1/Corvus_brachyrhynchos/USA/06VER01431/2006|NA|2006_08_09|Crow|USA|1A|West_Nile_virus
8,45,KX547415|WNV_1/Corvus_brachyrhynchos/USA/04001924/2004|NA|2004_07_28|Crow|USA|1A|West_Nile_virus
9,45,KX547515|WNV_1/Corvus_brachyrhynchos/USA/09VER0458/2009|NA|2009_09_02|Crow|USA|1A|West_Nile_virus
10,45,KX547413|WNV_1/Corvus_brachyrhynchos/USA/05001736/2005|NA|2005_08_02|Crow|USA|1A|West_Nile_virus
11,45,KX547258|WNV_1/Corvus_brachyrhynchos/USA/06VER01817/2006|NA|2006_07_12|Crow|USA|1A|West_Nile_virus
12,45,KX547285|WNV_1/Corvus_brachyrhynchos/USA/04002516/2004|NA|2004_08_16|Crow|USA|1A|West_Nile_virus
13,45,KX547517|WNV_1/Corvus_brachyrhynchos/USA/09VER0519/2009|NA|2009_09_04|Crow|USA|1A|West_Nile_virus
14,45,KX547585|WNV_1/Corvus_brachyrhynchos/USA/09VER00457/2009|NA|2009_09_02|Crow|USA|1A|West_Nile_virus
15,45,KX547452|WNV_1/Corvus_brachyrhynchos/USA/07VER01063/2007|NA|2007_08_14|Crow|USA|1A|West_Nile_virus
0,46,KX547538|WNV_1/Culex/USA/34010014/2001|NA|2001_08_15|Mosquito|USA|1A|West_Nile_virus
1,46,KX547582|WNV_1/Culex/USA/10430041/2010|NA|2010_07_02|Mosquito|USA|1A|West_Nile_virus
2,46,KX547164|WNV_1/Culex/USA/06290429/2006|NA|2006_09_08|Mosquito|USA|1A|West_Nile_virus
3,46,KX547480|WNV_1/Culex/USA/39030127/2003|NA|2003_09_22|Mosquito|USA|1A|West_Nile_virus
4,46,KX547314|WNV_1/Culex/USA/40020032/2002|NA|2002_09_27|Mosquito|USA|1A|West_Nile_virus
5,46,KX547353|WNV_1/Culex/USA/29000190/2000|NA|2000_07_11|Mosquito|USA|1A|West_Nile_virus
6,46,KX547231|WNV_1/Culex/USA/07590273/2007|NA|2007_08_07|Mosquito|USA|1A|West_Nile_virus
7,46,KX547230|WNV_1/Culex/USA/39020158/2002|NA|2002_09_20|Mosquito|USA|1A|West_Nile_virus
8,46,KX547315|WNV_1/Culex/USA/12290696/2012|NA|2012_08_24|Mosquito|USA|1A|West_Nile_virus
9,46,KX547614|WNV_1/Culex/USA/29050196/2005|NA|2005_07_06|Mosquito|USA|1A|West_Nile_virus
10,46,KX547395|WNV_1/Culex/USA/36000299/2000|NA|2000_08_31|Mosquito|USA|1A|West_Nile_virus
11,46,KX547242|WNV_1/Culex/USA/10590192/2010|NA|2010_08_03|Mosquito|USA|1A|West_Nile_virus
12,46,KX547276|WNV_1/Culex/USA/11141252/2011|NA|2011_07_18|Mosquito|USA|1A|West_Nile_virus
13,46,KX547224|WNV_1/Culex/USA/06430501/2006|NA|2006_09_08|Mosquito|USA|1A|West_Nile_virus
14,46,KX547563|WNV_1/Culex/USA/06590371/2006|NA|2006_08_09|Mosquito|USA|1A|West_Nile_virus
15,46,KX547445|WNV_1/Culex/USA/14511283/2014|NA|2014_09_17|Mosquito|USA|1A|West_Nile_virus
0,47,MG589940|Kotka_18_Ixodes_ricinus_Finland_2011|NA|2011|Tick|Finland|Baltic_and_Finish_S_TBEV_strains|Tick_borne_encephalitis_virus
0,48,EU081223|D3/SG/05K4477DK1/2005|NA|2005|Unknown|Singapore|3|Dengue_virus_3
1,48,EU081269|D1/SG/05K4479DK1/2005|NA|2005|Unknown|Singapore|1_I|Dengue_virus_1
2,48,EU081179|D2/SG/05K4137DK1/2005|NA|2005|Unknown|Singapore|2|Dengue_virus_2
3,48,EU081208|D3/SG/05K3900DK1/2005|NA|2005|Unknown|Singapore|3|Dengue_virus_3
4,48,EU081239|D1/SG/05K3318DK1/2005|NA|2005|Unknown|Singapore|1_I|Dengue_virus_1
5,48,EU081199|D3/SG/05K3305DK1/2005|NA|2005|Unknown|Singapore|3|Dengue_virus_3
6,48,EU081214|D3/SG/05K4141DK1/2005|NA|2005|Unknown|Singapore|3|Dengue_virus_3
0,49,MF984346|Blood_donor_1/Austria/2016__BD1/16_|NA|2016|Human|Austria|2|West_Nile_virus
1,49,MN481591|S38b_GrTh_2018/Rhodope|NA|2018_08_23|Dog|Greece|2|West_Nile_virus
2,49,MF984338|Blood_donor_2/Austria/2015__BD2/15_|NA|2015|Human|Austria|2|West_Nile_virus
3,49,MH986056|1617/2018/Rostock/Ger|NA|2018|Blackbird|Germany|2|West_Nile_virus
4,49,KJ883346|Greece/2013/Thessaloniki_4|NA|2013|Human|Greece|2|West_Nile_virus
5,49,MF984337|Blood_donor_1/Austria/2015__BD1/15_|NA|2015|Human|Austria|2|West_Nile_virus
6,49,MF984345|Falcon/Austria/2015__Bi2/15_|NA|2015|Falcon|Austria|2|West_Nile_virus
7,49,MN481590|S14c_GrM_2018/Thessaloniki|NA|2018_07_17|Horse|Greece|2|West_Nile_virus
0,50,KU871359|BJ_1|NA|2015_02_02|Unknown|China|GIII|Japanese_encephalitis_virus
1,50,MH753129|SH7|NA|2016_08_11|Mosquito|China|GI|Japanese_encephalitis_virus
2,50,KU871328|SA14|NA|2015_02_02|Unknown|China|GIII|Japanese_encephalitis_virus
3,50,KX779522|JEV/SC/2016_3|NA|2016_02_12|Swine|China|GIII|Japanese_encephalitis_virus
4,50,MH753131|SH19|NA|2016_06_12|NA|China|GIII|Japanese_encephalitis_virus
5,50,MH753126|N28|NA|2015_08_06|Swine|China|GIII|Japanese_encephalitis_virus
6,50,KT229572|DH10M865|NA|2010_08|Mosquito|China|GI|Japanese_encephalitis_virus
7,50,JF499789|YL2009_4|NA|2009|Mosquito|Taiwan|GI|Japanese_encephalitis_virus
8,50,GU556217|JX61|NA|2008_06|Swine|China|GI|Japanese_encephalitis_virus
9,50,MH753128|SH1|NA|2015_07_09|Swine|China|GIII|Japanese_encephalitis_virus
10,50,JF706285|HB97|NA|1990|Bat|China|GIII|Japanese_encephalitis_virus
11,50,KU871335|SA14|NA|2015_02_02|Unknown|China|GIII|Japanese_encephalitis_virus
0,51,MN448652|KDH0136A_06/21/2011|NA|2011_06_22|Human|Thailand|1_I|Dengue_virus_1
1,51,MN448619|KDC0722A_07/27/2011|NA|2011_07_28|Human|Thailand|1_I|Dengue_virus_1
2,51,MN448640|KDH0081A_10/27/2010|NA|2010_10_20|Human|Thailand|1_I|Dengue_virus_1
3,51,MN448633|KDH0030A_07/06/2010|NA|2010_07_06|Human|Thailand|1_I|Dengue_virus_1
4,51,MN448684|KDH0233A_06/25/2012|NA|2012_06_25|Human|Thailand|1_I|Dengue_virus_1
5,51,MN448645|KDH0110A_04/19/2011|NA|2011_04_18|Human|Thailand|1_I|Dengue_virus_1
6,51,MN448614|KDC0604A_06/21/2011|NA|2011_06_22|Human|Thailand|1_I|Dengue_virus_1
7,51,MN448603|KDC0493A_04/21/2011|NA|2011_04_21|Human|Thailand|1_I|Dengue_virus_1
8,51,MN448642|KDH0087A_12/08/2010|NA|2010_12_07|Human|Thailand|1_I|Dengue_virus_1
9,51,MN448628|KDC1152A_10/10/2012|NA|2012_10_10|Human|Thailand|1_I|Dengue_virus_1
10,51,MN448675|KDH0194A_09/28/2011|NA|2011_09_26|Human|Thailand|1_I|Dengue_virus_1
11,51,MN448681|KDH0218A_05/02/2012|NA|2012_05_01|Human|Thailand|1_I|Dengue_virus_1
12,51,MN448662|KDH0156A_07/21/2011|NA|2011_07_20|Human|Thailand|1_I|Dengue_virus_1
13,51,MN448620|KDC0734A_08/02/2011|NA|2011_08_02|Human|Thailand|1_I|Dengue_virus_1
14,51,MN448682|KDH0226A_05/29/2012|NA|2012_05_28|Human|Thailand|1_I|Dengue_virus_1
0,52,MW512418|SG_EHI_D2/47001Y14|NA|2014|Human|Singapore|2_Cosmopolitan|Dengue_virus_2
1,52,MW512437|SG_EHI_D2/1488Y15|NA|2015|Human|Singapore|2_Cosmopolitan|Dengue_virus_2
2,52,MW512479|SG_EHI_D2/30533Y18|NA|2018|Human|Singapore|2_Cosmopolitan|Dengue_virus_2
3,52,MW512341|SG_EHI_D2/DS3189Y04|NA|2004|Human|Singapore|2_Cosmopolitan|Dengue_virus_2
4,52,MW512450|SG_EHI_D2/29864Y16|NA|2016|Human|Singapore|2_Cosmopolitan|Dengue_virus_2
5,52,MW512483|SG_EHI_D2/35295Y18|NA|2018|Human|Singapore|2_Cosmopolitan|Dengue_virus_2
6,52,MW512377|SG_EHI_D2/25698Y12|NA|2012|Human|Singapore|2_Cosmopolitan|Dengue_virus_2
7,52,MW512376|SG_EHI_D2/28912Y12|NA|2012|Human|Singapore|2_Cosmopolitan|Dengue_virus_2
8,52,MW512492|SG_EHI_D2/2038Y19|NA|2019|Human|Singapore|2_Cosmopolitan|Dengue_virus_2
9,52,MW512366|SG_EHI_D2/24200Y11|NA|2011|Human|Singapore|2_Cosmopolitan|Dengue_virus_2
10,52,MW512401|SG_EHI_D2/44173Y13|NA|2013|Human|Singapore|2_Cosmopolitan|Dengue_virus_2
11,52,MW512445|SG_EHI_D2/52797Y15|NA|2015|Human|Singapore|2_Cosmopolitan|Dengue_virus_2
12,52,MW512346|SG_EHI_D2/EHI1446Y07|NA|2007|Human|Singapore|2_Cosmopolitan|Dengue_virus_2
13,52,MW512381|SG_EHI_D2/26494Y13|NA|2013|Human|Singapore|2_Cosmopolitan|Dengue_virus_2
14,52,MW512412|SG_EHI_D2/17554Y14|NA|2014|Human|Singapore|2_Cosmopolitan|Dengue_virus_2
15,52,MW512420|SG_EHI_D2/39061Y14|NA|2014|Human|Singapore|2_Cosmopolitan|Dengue_virus_2
0,53,JQ915071|PF07/230407_201|NA|2007_04_23|Human|French_Polynesia|1_IV|Dengue_virus_1
1,53,JQ915075|PF09/060209_120|NA|2009_02_06|Human|French_Polynesia|1_IV|Dengue_virus_1
2,53,JQ915082|PF09/230309_126|NA|2009_03_23|Human|French_Polynesia|4_II|Dengue_virus_4
3,53,KY926849|PF08/080108_88|NA|2008_01_08|Human|French_Polynesia|1_IV|Dengue_virus_1
4,53,JQ920481|NC89/060289_283|NA|1989_02_06|Human|New_Caledonia|3_I|Dengue_virus_3
5,53,JQ920479|PF96/150296_46183|NA|1996_02_15|Human|French_Polynesia|3_I|Dengue_virus_3
0,54,JF920758|WNV_1/US/BID_V5233/2009|NA|2009|Mosquito|USA|1A|West_Nile_virus
1,54,KJ501115|WNV_1/US/BID_V7403/2005|NA|2005|Mosquito|USA|1A|West_Nile_virus
2,54,KJ501106|WNV_1/US/BID_V7394/2008|NA|2008|Mosquito|USA|1A|West_Nile_virus
3,54,KJ501112|WNV_1/US/BID_V7400/2007|NA|2007|Mosquito|USA|1A|West_Nile_virus
4,54,HQ671696|WNV_1/US/BID_V4196/2001|NA|2001|Mosquito|USA|1A|West_Nile_virus
5,54,HM756650|WNV_1/US/BID_V4582/2003|NA|2003|Mosquito|USA|1A|West_Nile_virus
6,54,JF920757|WNV_1/US/BID_V5230/2008|NA|2008|Mosquito|USA|1A|West_Nile_virus
7,54,HM488218|WNV_1/US/BID_V4583/2003|NA|2003|Mosquito|USA|1A|West_Nile_virus
8,54,JF488090|WNV_1/US/BID_V5180/2004|NA|2004|Mosquito|USA|1A|West_Nile_virus
9,54,KJ501129|WNV_1/US/BID_V7418/2004|NA|2004|Mosquito|USA|1A|West_Nile_virus
10,54,HM488146|WNV_1/US/BID_V4218/2004|NA|2004|Mosquito|USA|1A|West_Nile_virus
11,54,KJ501211|WNV_1/US/BID_V6584/2012|NA|2012|Mosquito|USA|1A|West_Nile_virus
12,54,KJ501533|WNV_1/US/BID_V7817/2012|NA|2012|Mosquito|USA|1A|West_Nile_virus
13,54,KJ501214|WNV_1/US/BID_V6589/2012|NA|2012|Mosquito|USA|1A|West_Nile_virus
14,54,HM488135|WNV_1/US/BID_V4199/2001|NA|2001|Mosquito|USA|1A|West_Nile_virus
15,54,HM488117|WNV_1/US/BID_V4105/2005|NA|2005|Mosquito|USA|1A|West_Nile_virus
16,54,HQ671710|WNV_1/US/BID_V4902/2000|NA|2000|Mosquito|USA|1A|West_Nile_virus
17,54,JF920740|WNV_1/US/BID_V5210/2007|NA|2007|Mosquito|USA|1A|West_Nile_virus
18,54,KJ501119|WNV_1/US/BID_V7407/2005|NA|2005|Mosquito|USA|1A|West_Nile_virus
19,54,HM488176|WNV_1/US/BID_V4575/2003|NA|2003|Mosquito|USA|1A|West_Nile_virus
20,54,KJ501128|WNV_1/US/BID_V7417/2004|NA|2004|Mosquito|USA|1A|West_Nile_virus
21,54,HM488160|WNV_1/US/BID_V4355/2006|NA|2006|Mosquito|USA|1A|West_Nile_virus
22,54,HQ671706|WNV_1/US/BID_V4898/1999|NA|1999|Mosquito|USA|1A|West_Nile_virus
23,54,HM488229|WNV_1/US/BID_V4610/2003|NA|2003|Mosquito|USA|1A|West_Nile_virus
24,54,KJ501114|WNV_1/US/BID_V7402/2007|NA|2007|Mosquito|USA|1A|West_Nile_virus
0,55,MH882532|Zika_virus/H.sapiens_wt/BRA/2016/ZKV17Esem_2016_05_24|NA|2016_05_24|Human|Brazil|Asian|Zika_virus
1,55,MK028857|Zika_virus/H.sapiens_tc/Puerto_Rico/2015/PRVABC59|NA|2015|Human|Puerto_Rico|Asian|Zika_virus
2,55,MH882528|Zika_virus/H.sapiens_wt/BRA/2016/ZKV17Auri_2016_04_26|NA|2016_04_26|Human|Brazil|Asian|Zika_virus
3,55,KY014304|Zika_virus/H.sapiens_wt/DOM/2016/BB_0180_SER|NA|2016_04_18|Human|Dominican_Republic|Asian|Zika_virus
4,55,MH882541|Zika_virus/H.sapiens_wt/BRA/2016/ZKV17sem_2016_04_19|NA|2016_04_19|Human|Brazil|Asian|Zika_virus
0,56,MH829610|AR2238|NA|1959|Mosquito|South_Africa|NA|Spondweni_virus
1,56,MH829606|AR1168|NA|1958|Mosquito|South_Africa|NA|Spondweni_virus
2,56,MH829605|AR1163|NA|1958|Mosquito|South_Africa|NA|Spondweni_virus
3,56,MH829611|AR2239|NA|1959|Mosquito|South_Africa|NA|Spondweni_virus
4,56,MH829600|AR1071|NA|1958|Mosquito|South_Africa|NA|Spondweni_virus
0,57,DQ431710|04_244CA|NA|2004|Human|USA|1A|West_Nile_virus
1,57,KM012181|BSL178_12|NA|2012|Human|USA|1A|West_Nile_virus
2,57,DQ431711|04_251AZ|NA|2004|Human|USA|1A|West_Nile_virus
3,57,KM012170|BSL05_12|NA|2012|Human|USA|1A|West_Nile_virus
4,57,DQ431693|03_20TX|NA|2003|Human|USA|1A|West_Nile_virus
5,57,DQ431712|04_252AZ|NA|2004|Human|USA|1A|West_Nile_virus
0,58,KY849746|UI14881|NA|2009_08_12|Vero_Cell|Laos|1_I|Dengue_virus_1
1,58,KY849713|SV232|NA|2009_05_09|Vero_Cell|Laos|NA|Dengue_virus_1
2,58,KY849736|UI18058|NA|2010_08_30|Vero_Cell|Laos|1_I|Dengue_virus_1
3,58,KY849747|UI17268|NA|2010_07_06|Vero_Cell|Laos|1_I|Dengue_virus_1
4,58,KY849737|UI18560|NA|2010_10_13|Vero_Cell|Laos|1_I|Dengue_virus_1
5,58,KY849739|UI18608|NA|2010_10_19|Vero_Cell|Laos|1_I|Dengue_virus_1
6,58,KY849733|UI17968|NA|2010_08_23|Vero_Cell|Laos|1_I|Dengue_virus_1
7,58,KY849705|SV32|NA|2008_09_11|Vero_Cell|Laos|NA|Dengue_virus_1
8,58,KY849725|UI15040|NA|2009_09_03|Vero_Cell|Laos|1_I|Dengue_virus_1
9,58,KY849709|SV218|NA|2009_04_30|Vero_Cell|Laos|NA|Dengue_virus_1
0,59,MZ857227|KAJP34_DENV1_Thailand_South.East.Asia_1992_02__12|NA|1992_02_12|Human|Thailand|NA|Dengue_virus_1
0,60,MW075027|GfTYotIp|NA|2017_08_29|Mosquito|USA|NA|Saint_Louis_encephalitis_virus
1,60,MW074980|3620|NA|2017_09_12|Mosquito|USA|NA|Saint_Louis_encephalitis_virus
2,60,MW075073|9A72|NA|2019_05_15|Mosquito|USA|NA|Saint_Louis_encephalitis_virus
3,60,MN233333|COAV750|NA|1983|Mosquito|USA|NA|Saint_Louis_encephalitis_virus
4,60,MW075085|0E12|NA|2019_07_10|Mosquito|USA|NA|Saint_Louis_encephalitis_virus
5,60,MW075009|co5uNY8G|NA|2015_07_09|Mosquito|USA|NA|Saint_Louis_encephalitis_virus
6,60,MH899073|95A49|NA|1995|Mosquito|USA|NA|Saint_Louis_encephalitis_virus
7,60,MW075079|B468|NA|2019_05_16|Mosquito|USA|NA|Saint_Louis_encephalitis_virus
8,60,MW075025|gDLIPilu|NA|2017_08_23|Mosquito|USA|NA|Saint_Louis_encephalitis_virus
9,60,MW074993|3472|NA|2018_08_21|Mosquito|USA|NA|Saint_Louis_encephalitis_virus
10,60,KT823415|RT_121B|NA|2015_07_07|Mosquito|USA|3|St._Louis_encephalitis_virus
11,60,MW075033|LUP2lQxG|NA|2017_08_31|Mosquito|USA|NA|Saint_Louis_encephalitis_virus
12,60,MN233319|NV16|NA|2016_05_16|Mosquito|USA|NA|Saint_Louis_encephalitis_virus
13,60,MW075064|X871|NA|2019_05_07|Mosquito|USA|NA|Saint_Louis_encephalitis_virus
14,60,MW074988|4073|NA|2018_09_25|Mosquito|USA|NA|Saint_Louis_encephalitis_virus
15,60,MW075048|56|NA|2018_07_26|Mosquito|USA|NA|Saint_Louis_encephalitis_virus
16,60,MW075054|5356|NA|2018_07_24|Mosquito|USA|NA|Saint_Louis_encephalitis_virus
17,60,MW075057|Z418|NA|2019_04_23|Mosquito|USA|NA|Saint_Louis_encephalitis_virus
18,60,MW075093|8E47|NA|2019_08_06|Mosquito|USA|NA|Saint_Louis_encephalitis_virus
19,60,MN233331|LA_01_4278|NA|2001_08_30|Mosquito|USA|NA|Saint_Louis_encephalitis_virus
20,60,MW075005|Nu6uTysq|NA|2015_06_19|Mosquito|USA|NA|Saint_Louis_encephalitis_virus
21,60,MW075019|xdVKzjJ2|NA|2015_10_20|Mosquito|USA|NA|Saint_Louis_encephalitis_virus
0,61,MW945786|01936/06|NA|2006|Human|Thailand|1_I|Dengue_virus_1
1,61,MW945979|06113/00|NA|2000|Human|Thailand|1_I|Dengue_virus_1
2,61,MW946205|01060/13|NA|2013|Human|Thailand|1_I|Dengue_virus_1
3,61,MW946108|00047/01|NA|2001|Human|Thailand|1_I|Dengue_virus_1
4,61,MW946015|02894/02|NA|2002|Human|Thailand|1_I|Dengue_virus_1
5,61,MW946023|00878/04|NA|2004|Human|Thailand|1_I|Dengue_virus_1
6,61,MW946028|00258/05|NA|2005|Human|Thailand|1_I|Dengue_virus_1
7,61,MW946141|02718/06|NA|2006|Human|Thailand|1_I|Dengue_virus_1
8,61,MW945966|01530/06|NA|2006|Human|Thailand|1_I|Dengue_virus_1
9,61,MW945800|01313/04|NA|2004|Human|Thailand|1_I|Dengue_virus_1
10,61,MW945991|01392/11|NA|2011|Human|Thailand|1_I|Dengue_virus_1
11,61,MW945947|00438/06|NA|2006|Human|Thailand|1_I|Dengue_virus_1
12,61,MW946055|00311/03|NA|2003|Human|Thailand|1_I|Dengue_virus_1
13,61,MW945980|01616/05|NA|2005|Human|Thailand|1_I|Dengue_virus_1
14,61,MW946147|01147/05|NA|2005|Human|Thailand|1_I|Dengue_virus_1
15,61,MW946064|00432/11|NA|2011|Human|Thailand|1_I|Dengue_virus_1
16,61,MW945821|00822/01|NA|2001|Human|Thailand|1_I|Dengue_virus_1
17,61,MW946183|02585/06|NA|2006|Human|Thailand|1_I|Dengue_virus_1
18,61,MW945943|00725/14|NA|2014|Human|Thailand|1_I|Dengue_virus_1
19,61,MW945910|00332/06|NA|2006|Human|Thailand|1_I|Dengue_virus_1
20,61,MW946037|01849/03|NA|2003|Human|Thailand|1_I|Dengue_virus_1
21,61,MW946213|02817/06|NA|2006|Human|Thailand|1_I|Dengue_virus_1
22,61,MW946068|02371/03|NA|2003|Human|Thailand|1_I|Dengue_virus_1
23,61,MW945927|05605/00|NA|2000|Human|Thailand|1_I|Dengue_virus_1
24,61,MW946184|00807/12|NA|2012|Human|Thailand|1_I|Dengue_virus_1
25,61,MW945792|00596/03|NA|2003|Human|Thailand|1_I|Dengue_virus_1
26,61,MW946106|01462/02|NA|2002|Human|Thailand|1_I|Dengue_virus_1
27,61,MW946139|02717/06|NA|2006|Human|Thailand|1_I|Dengue_virus_1
0,62,KJ883342|Greece/2013/Kavala_1|NA|2013|Human|Greece|2|West_Nile_virus
1,62,KP789955|Italy/2014/Verona/35.1|NA|2014|Human|Italy|2|West_Nile_virus
2,62,KJ883344|Greece/2013/Xanthi_2|NA|2013|Human|Greece|2|West_Nile_virus
3,62,KF647252|Italy/2013/Rovigo/35.1|NA|2013_08|Human|Italy|2|West_Nile_virus
4,62,KF823806|Italy/2013/Mantova/40.1|NA|2013_10|Human|Italy|2|West_Nile_virus
5,62,JF719065|Italy/2008/J_242853|NA|2008_10|Jay|Italy|1A|West_Nile_virus
6,62,JQ928174|Italy/2011/Livenza|NA|2011_09|Human|Italy|1A|West_Nile_virus
7,62,KP789956|Italy/2014/Verona/35.2|NA|2014|Human|Italy|2|West_Nile_virus
8,62,JX556213|Italy/2012/Livenza/31.1|NA|2012_08_03|Human|Italy|1A|West_Nile_virus
0,63,MW946873|02515/06|NA|2006|Human|Thailand|3_II|Dengue_virus_3
1,63,MW946937|01253/06|NA|2006|Human|Thailand|3_II|Dengue_virus_3
2,63,MW946920|01651/06|NA|2006|Human|Thailand|3_II|Dengue_virus_3
3,63,MW946625|00852/05|NA|2005|Human|Thailand|3_II|Dengue_virus_3
4,63,MW946804|01906/00|NA|2000|Human|Thailand|3_II|Dengue_virus_3
5,63,MW946852|02490/06|NA|2006|Human|Thailand|3_II|Dengue_virus_3
6,63,MW946670|01472/02|NA|2002|Human|Thailand|3_II|Dengue_virus_3
7,63,MW946872|00507/14|NA|2014|Human|Thailand|3_III|Dengue_virus_3
8,63,MW946877|00651/06|NA|2006|Human|Thailand|3_II|Dengue_virus_3
9,63,MW946796|01372/06|NA|2006|Human|Thailand|3_II|Dengue_virus_3
10,63,MW946781|00872/05|NA|2005|Human|Thailand|3_II|Dengue_virus_3
11,63,MW946958|00059/02|NA|2002|Human|Thailand|3_III|Dengue_virus_3
12,63,MW946686|02632/06|NA|2006|Human|Thailand|3_II|Dengue_virus_3
13,63,MW946677|05838/01|NA|2001|Human|Thailand|3_II|Dengue_virus_3
14,63,MW946881|00146/14|NA|2014|Human|Thailand|3_III|Dengue_virus_3
15,63,MW946801|00521/14|NA|2014|Human|Thailand|3_III|Dengue_virus_3
16,63,MW946915|02384/06|NA|2006|Human|Thailand|3_II|Dengue_virus_3
17,63,MW946957|00957/13|NA|2013|Human|Thailand|3_III|Dengue_virus_3
18,63,MW946704|01401/13|NA|2013|Human|Thailand|3_III|Dengue_virus_3
19,63,MW946866|00557/06|NA|2006|Human|Thailand|3_II|Dengue_virus_3
20,63,MW946759|02763/06|NA|2006|Human|Thailand|3_II|Dengue_virus_3
0,64,OK054428|ZIKV/Homo_Sapiens/NIC/2007_CZH214/2016|NA|2016_08_03|Human|Nicaragua|Asian|Zika_virus
1,64,OK054479|ZIKV/Homo_Sapiens/NIC/6253_CZB221/2016|NA|2016_08_08|Human|Nicaragua|Asian|Zika_virus
2,64,OK054482|ZIKV/Homo_Sapiens/NIC/6739_CZB164/2016|NA|2016_07_27|Human|Nicaragua|Asian|Zika_virus
3,64,OK054393|ZIKV/Homo_Sapiens/NIC/5072_CHB3151/2016|NA|2016_07_15|Human|Nicaragua|Asian|Zika_virus
4,64,OK054456|ZIKV/Homo_Sapiens/NIC/8280_CZB123/2016|NA|2016_09_18|Human|Nicaragua|Asian|Zika_virus
5,64,OK054462|ZIKV/Homo_Sapiens/NIC/5660_CZB134/2016|NA|2016_07_27|Human|Nicaragua|Asian|Zika_virus
6,64,OK054369|ZIKV/Homo_Sapiens/NIC/8397_CZB193/2016|NA|2016_08_24|Human|Nicaragua|Asian|Zika_virus
7,64,OK054419|ZIKV/Homo_Sapiens/NIC/8389_CZB147/2016|NA|2016_07_22|Human|Nicaragua|Asian|Zika_virus
8,64,OK054459|ZIKV/Homo_Sapiens/NIC/4723_CHB3166/2016|NA|2016_07_12|Human|Nicaragua|Asian|Zika_virus
9,64,OK054466|ZIKV/Homo_Sapiens/NIC/4858_CZB168/2016|NA|2016_07_13|Human|Nicaragua|Asian|Zika_virus
10,64,KY765323|ZIKV/Homo_sapiens/NIC/6188_13A1/2016|NA|2016_06_30|Human|Nicaragua|Asian|Zika_virus
11,64,OK054475|ZIKV/Homo_Sapiens/NIC/5926_CZB158/2016|NA|2016_09_12|Human|Nicaragua|Asian|Zika_virus
12,64,OK054437|ZIKV/Homo_Sapiens/NIC/8186_CHB3165/2016|NA|2016_08_05|Human|Nicaragua|Asian|Zika_virus
13,64,OK054443|ZIKV/Homo_Sapiens/NIC/5540_CZB226/2016|NA|2016_08_15|Human|Nicaragua|Asian|Zika_virus
0,65,MH110568|D2/CN/HZ_1450/2017|NA|2017_09|Human|China|2_Cosmopolitan|Dengue_virus_2
1,65,LC666718|F227/LEKMA/GH/2017|NA|2017|Human|Ghana|2_Cosmopolitan|Dengue_virus_2
2,65,MH110602|D2/CN/HZ_996/2017|NA|2017_09|Human|China|2_Cosmopolitan|Dengue_virus_2
3,65,KF041235|D2/Pakistan/209/2009|NA|2009|Human|Pakistan|2_Cosmopolitan|Dengue_virus_2
4,65,MH110571|D2/CN/HZ_1536/2017|NA|2017_09|Human|China|2_Cosmopolitan|Dengue_virus_2
5,65,KJ010186|DENV_2/PK/2013|NA|2013_10_02|Human|Pakistan|2_Cosmopolitan|Dengue_virus_2
6,65,MH110583|D2/CN/HZ_414/2017|NA|2017_09|Human|China|2_Cosmopolitan|Dengue_virus_2
7,65,KF041237|D2/Pakistan/78/2009|NA|2009|Human|Pakistan|2_Cosmopolitan|Dengue_virus_2
0,66,MN018393|D15312|NA|2015_07_25|Human|China|4_II|Dengue_virus_4
1,66,KC762699|MKS_2139|NA|2008_03_28|Human|Indonesia|4_II|Dengue_virus_4
2,66,LC410198|Th16_010DV4|NA|2016_10|Human|Thailand|4_I|Dengue_virus_4
3,66,MK614093|GZ18XN11706|NA|2018_05_03|Human|China|4_I|Dengue_virus_4
4,66,MG601754|2013JH285|NA|2013_08_30|Human|China|4_I|Dengue_virus_4
5,66,LC410200|Th16_037DV4|NA|2016_11|Human|Thailand|4_I|Dengue_virus_4
6,66,JN638572|DSS_patient|NA|2008|Human|Cambodia|4_I|Dengue_virus_4
7,66,JQ513345|H781363|NA|2011_03_18|Human|Brazil|4_I|Dengue_virus_4
8,66,JQ513338|H779228|NA|2011_01_14|Human|Brazil|4_II|Dengue_virus_4
9,66,MN018398|D16039|NA|2016_08_16|Human|China|NA|Dengue_virus_4
10,66,MN018390|D13467|NA|2013_08_12|Human|China|NA|Dengue_virus_4
11,66,JQ513342|H780556|NA|2011_01_29|Human|Brazil|4_II|Dengue_virus_4
0,67,KY241725|ZIKV_SG_055|NA|2016_08_26|Human|Singapore|Asian|Zika_virus
1,67,KY241731|ZIKV_SG_061|NA|2016_08_30|Human|Singapore|Asian|Zika_virus
2,67,KY241763|ZIKV_SG_093|NA|2016_09_02|Human|Singapore|Asian|Zika_virus
3,67,KY241686|ZIKV_SG_016|NA|2016_09_12|Human|Singapore|Asian|Zika_virus
4,67,KY241692|ZIKV_SG_022|NA|2016_09_14|Human|Singapore|Asian|Zika_virus
5,67,MH255601|ZKA_16_922|NA|2016_09_01|Human|Singapore|Asian|Zika_virus
6,67,KY241729|ZIKV_SG_059|NA|2016_08_29|Human|Singapore|Asian|Zika_virus
7,67,KY241713|ZIKV_SG_043|NA|2016_08_28|Human|Singapore|Asian|Zika_virus
8,67,KY241698|ZIKV_SG_028|NA|2016_08_26|Human|Singapore|Asian|Zika_virus
9,67,KY241694|ZIKV_SG_024|NA|2016_09_19|Human|Singapore|Asian|Zika_virus
10,67,KY241684|ZIKV_SG_014|NA|2016_09_08|Human|Singapore|Asian|Zika_virus
0,68,FJ547067|DENV_2/VN/BID_V1930/2007|NA|2007|Human|Viet_Nam|2_AsianI|Dengue_virus_2
1,68,EU482463|DENV_2/VN/BID_V917/2006|NA|2006|Human|Viet_Nam|2_AsianI|Dengue_virus_2
2,68,EU482679|DENV_2/VN/BID_V742/2007|NA|2007|Human|Viet_Nam|2_AsianI|Dengue_virus_2
3,68,EU482677|DENV_2/VN/BID_V740/2006|NA|2006|Human|Viet_Nam|2_AsianI|Dengue_virus_2
4,68,EU482468|DENV_2/VN/BID_V923/2006|NA|2006|Human|Viet_Nam|2_AsianI|Dengue_virus_2
5,68,EU482704|DENV_2/VN/BID_V778/2007|NA|2007|Human|Viet_Nam|2_AsianI|Dengue_virus_2
6,68,EU677138|DENV_2/VN/BID_V1518/2007|NA|2007|Human|Viet_Nam|2_AsianI|Dengue_virus_2
7,68,FJ873811|DENV_2/VN/BID_V922/2006|NA|2006|Human|Viet_Nam|2_AsianI|Dengue_virus_2
8,68,FJ024454|DENV_2/VN/BID_V1675/2007|NA|2007|Human|Viet_Nam|2_AsianI|Dengue_virus_2
9,68,EU482777|DENV_2/VN/BID_V755/2005|NA|2005|Human|Viet_Nam|2_AsianI|Dengue_virus_2
10,68,EU482541|DENV_2/VN/BID_V997/2006|NA|2006|Human|Viet_Nam|2_AsianI|Dengue_virus_2
11,68,FJ461314|DENV_2/VN/BID_V1858/2007|NA|2007|Human|Viet_Nam|2_AsianI|Dengue_virus_2
12,68,EU482466|DENV_2/VN/BID_V920/2006|NA|2006|Human|Viet_Nam|2_AsianI|Dengue_virus_2
0,69,AB920399|JEV/sw/Okinawa/127/2012|NA|2012_07_02|Swine|Japan|GI|Japanese_encephalitis_virus
1,69,MH165313|seal/china/anheal/2017|NA|2017_09|Seal|China|GI|Japanese_encephalitis_virus
2,69,KF667320|JEV/Taiwan/TC0906d/M/2009|NA|2009|Mosquito|Taiwan|GI|Japanese_encephalitis_virus
3,69,KC196115|JEV/CNS769/Laos/2009|NA|2009_06_30|Human|Laos|GI|Japanese_encephalitis_virus
0,70,MN018339|D14005|NA|2014_06_20|Human|China|2_Cosmopolitan|Dengue_virus_2
1,70,MK578531|GZ16XN03534|NA|2016_02_04|Human|China|2_Cosmopolitan|Dengue_virus_2
2,70,MF156247|XSBN15|NA|2015_10_28|Human|China|2_Cosmopolitan|Dengue_virus_2
3,70,MN018359|D17038|NA|2017_07_02|Human|China|2_Cosmopolitan|Dengue_virus_2
4,70,MK564477|GZ16XN11140|NA|2016_04_15|Human|China|2_Cosmopolitan|Dengue_virus_2
5,70,MK564479|GZ16XN18674|NA|2016_08_23|Human|China|2_Cosmopolitan|Dengue_virus_2
6,70,MK543471|HNQY2018005|NA|2018_09_23|Human|China|2_Cosmopolitan|Dengue_virus_2
7,70,MK578532|GZ16XN10007|NA|2016_04_01|Human|China|2_Cosmopolitan|Dengue_virus_2
8,70,MF156240|XSBN08|NA|2015_10_18|Human|China|2_Cosmopolitan|Dengue_virus_2
9,70,MK543479|HNQY2018004|NA|2018_09_23|Human|China|2_Cosmopolitan|Dengue_virus_2
0,71,KY586543|Ser1_Thailand_BangkokSeq_196|NA|2001|Human|Thailand|1_I|Dengue_virus
1,71,KY586485|Ser1_Thailand_BangkokSeq_147|NA|2006|Human|Thailand|1_I|Dengue_virus
2,71,KY586447|Ser1_Thailand_BangkokSeq_116|NA|2004|Human|Thailand|1_I|Dengue_virus
3,71,KY586324|Ser1_Thailand_BangkokSeq_18|NA|2006|Human|Thailand|1_I|Dengue_virus
4,71,KY586332|Ser1_Thailand_BangkokSeq_22|NA|2006|Human|Thailand|1_I|Dengue_virus
5,71,KY586360|Ser1_Thailand_nonBKKSeq_11|NA|2003|Human|Thailand|1_I|Dengue_virus
6,71,KY586452|Ser1_Thailand_BangkokSeq_121|NA|2002|Human|Thailand|1_I|Dengue_virus
7,71,KY586481|Ser1_Thailand_nonBKKSeq_33|NA|2003|Human|Thailand|1_I|Dengue_virus
8,71,KY586490|Ser1_Thailand_BangkokSeq_152|NA|2006|Human|Thailand|1_I|Dengue_virus
9,71,KY586383|Ser1_Thailand_BangkokSeq_61|NA|2006|Human|Thailand|1_I|Dengue_virus
10,71,KY586373|Ser1_Thailand_nonBKKSeq_16|NA|2000|Human|Thailand|1_I|Dengue_virus
11,71,KY586415|Ser1_Thailand_BangkokSeq_91|NA|2001|Human|Thailand|1_I|Dengue_virus
12,71,KY586310|Ser1_Thailand_BangkokSeq_5|NA|2001|Human|Thailand|1_I|Dengue_virus
13,71,KY586488|Ser1_Thailand_BangkokSeq_150|NA|2006|Human|Thailand|1_I|Dengue_virus
14,71,KY586349|Ser1_Thailand_BangkokSeq_34|NA|2006|Human|Thailand|1_I|Dengue_virus
15,71,KY586479|Ser1_Thailand_BangkokSeq_142|NA|2002|Human|Thailand|1_I|Dengue_virus
16,71,KY586545|Ser1_Thailand_nonBKKSeq_44|NA|2004|Human|Thailand|1_I|Dengue_virus
17,71,KY586419|Ser1_Thailand_BangkokSeq_94|NA|2006|Human|Thailand|1_I|Dengue_virus
18,71,KY586368|Ser1_Thailand_BangkokSeq_48|NA|1995|Human|Thailand|1_I|Dengue_virus
19,71,KY586421|Ser1_Thailand_BangkokSeq_96|NA|2006|Human|Thailand|1_I|Dengue_virus
20,71,KY586514|Ser1_Thailand_nonBKKSeq_38|NA|1999|Human|Thailand|1_I|Dengue_virus
21,71,KY586378|Ser1_Thailand_BangkokSeq_57|NA|2000|Human|Thailand|1_I|Dengue_virus
22,71,KY586541|Ser1_Thailand_nonBKKSeq_42|NA|2001|Human|Thailand|1_I|Dengue_virus
23,71,KY586432|Ser1_Thailand_BangkokSeq_105|NA|2006|Human|Thailand|1_I|Dengue_virus
24,71,KY586418|Ser1_Thailand_BangkokSeq_93|NA|2002|Human|Thailand|1_I|Dengue_virus
0,72,KX547229|WNV_1/Cyanocitta_cristata_/USA/06VER01554/2006|NA|2006_08_29|Blue_Jay|USA|1A|West_Nile_virus
1,72,KX547481|WNV_1/Cyanocitta_cristata_/USA/05002174/2005|NA|2005_09_01|Blue_Jay|USA|1A|West_Nile_virus
2,72,KX547382|WNV_1/Cyanocitta_cristata_/USA/07VER01098/2007|NA|2007_08_24|Blue_Jay|USA|1A|West_Nile_virus
3,72,KX547381|WNV_1/Cyanocitta_cristata_/USA/03003401/2003|NA|2003_10_03|Blue_Jay|USA|1A|West_Nile_virus
4,72,KX547597|WNV_1/Cyanocitta_cristata_/USA/04002726/2004|NA|2004_09_14|Blue_Jay|USA|1A|West_Nile_virus
5,72,KX547271|WNV_1/Cyanocitta_cristata_/USA/06VER01310/2006|NA|2006_08_12|Blue_Jay|USA|1A|West_Nile_virus
6,72,KX547552|WNV_1/Cyanocitta_cristata_/USA/10VER00219/2010|NA|2010_09_16|Blue_Jay|USA|1A|West_Nile_virus
0,73,MT967990|15141416_S23|NA|2015|Mosquito|USA|1A|West_Nile_virus
1,73,MH170266|M07_086|NA|2007|Mosquito|USA|1A|West_Nile_virus
2,73,MH166895|VA_P_4209|NA|2005|Mosquito|USA|1A|West_Nile_virus
3,73,MH170262|Lwn_09_846|NA|2009|Mosquito|USA|1A|West_Nile_virus
4,73,MT968007|18040074_S44|NA|2018|Mosquito|USA|1A|West_Nile_virus
5,73,MT967995|18510340_S20|NA|2018|Mosquito|USA|1A|West_Nile_virus
6,73,MT968008|17330731_S38|NA|2017|Mosquito|USA|1A|West_Nile_virus
7,73,KC736499|AVA1204580|NA|2012|Mosquito|USA|1A|West_Nile_virus
8,73,MT968030|18290606_S52|NA|2018|Mosquito|USA|1A|West_Nile_virus
9,73,MT968019|18090047_S41|NA|2018|Mosquito|USA|1A|West_Nile_virus
10,73,MH166920|VA_TC_1732_09|NA|2009|Mosquito|USA|1A|West_Nile_virus
11,73,MH166898|VA_TC_1368_08|NA|2008|Mosquito|USA|1A|West_Nile_virus
12,73,MT968006|17590282_S37|NA|2017|Mosquito|USA|1A|West_Nile_virus
13,73,MT968005|16350245_S62|NA|2016|Mosquito|USA|1A|West_Nile_virus
14,73,MT968027|161412207_S27|NA|2016|Mosquito|USA|1A|West_Nile_virus
15,73,MT968022|18040084_S47|NA|2018|Mosquito|USA|1A|West_Nile_virus
16,73,MH170258|M07_087|NA|2007|Mosquito|USA|1A|West_Nile_virus
17,73,KC736500|AVA1204753|NA|2012|Mosquito|USA|1A|West_Nile_virus
0,74,KM204118|New_Guinea_C|NA|1944|Human|Papua_New_Guinea|2_AsianII|Dengue_virus_2
1,74,MT832074|KM279601_D2_7|NA|2013|Human|Philippines|2_Cosmopolitan|Dengue_virus_2
2,74,MT832060|KU509277_D2_2|NA|2014|Human|Philippines|2_Cosmopolitan|Dengue_virus_2
3,74,MH822945|Cosmopolitan|NA|2012_10_19|Human|India|2_Cosmopolitan|Dengue_virus_2
4,74,MT832059|KU509277_D2_2_cp1|NA|2014|Human|Philippines|2_Cosmopolitan|Dengue_virus_2
5,74,MH822941|Cosmopolitan|NA|2013_08_30|Human|India|2_Cosmopolitan|Dengue_virus_2
6,74,MH048675|MS11010075|NA|2014_12|Unknown|Malaysia|2_Cosmopolitan|Dengue_virus_2
7,74,MK858106|FT_DNS1_443_S19_R3|NA|2016_10_20|Human|India|2_Cosmopolitan|Dengue_virus_2
0,75,FJ547073|DENV_3/US/BID_V2107/2000|NA|2000|Human|USA|3_III|Dengue_virus_3
1,75,FJ410177|DENV_3/US/BID_V2105/2000|NA|2000|Human|USA|3_III|Dengue_virus_3
2,75,FJ547072|DENV_3/US/BID_V2106/2000|NA|2000|Human|USA|3_III|Dengue_virus_3
3,75,FJ182008|DENV_3/US/BID_V1618/2005|NA|2005|Human|USA|3_III|Dengue_virus_3
4,75,EU529699|DENV_3/US/BID_V1080/2006|NA|2006|Human|USA|3_III|Dengue_virus_3
5,75,FJ547078|DENV_3/US/BID_V2113/2000|NA|2000|Human|USA|3_III|Dengue_virus_3
6,75,FJ562107|DENV_3/US/BID_V2100/2000|NA|2000|Human|USA|3_III|Dengue_virus_3
0,76,EU920850|GUA_Oct_06|NA|2006_10|Unknown|Guadeloupe|2_AsianAmerican|Dengue_virus_2
1,76,EU920837|MAR_Aug_05|NA|2005_08|Unknown|Martinique|2_AsianAmerican|Dengue_virus_2
2,76,EU920832|FGU_May_99|NA|1999_05|Unknown|French_Guiana|2_AsianAmerican|Dengue_virus_2
0,77,KY785418|Zika_virus/H.sapiens_wt/HND/2016/HU_ME59_PLA|NA|2016_05_13|Human|Honduras|Asian|Zika_virus
1,77,KY785469|Zika_virus/H.sapiens_wt/COL/2016/SU_2724A_SER|NA|2016_04_05|Human|Colombia|Asian|Zika_virus
2,77,KY785430|Zika_virus/H.sapiens_wt/JAM/2016/MA_WGS16_039_SER|NA|2016_09_28|Human|Jamaica|Asian|Zika_virus
3,77,KY014320|Zika_virus/H.sapiens_wt/BRA/2016/FC_DQ42D1_URI|NA|2016_03_23|Human|Brazil|Asian|Zika_virus
4,77,KY785461|Zika_virus/H.sapiens_wt/HND/2016/HU_ME136_PLA|NA|2016_05_31|Human|Honduras|Asian|Zika_virus
5,77,KU681082|Zika_virus/H.sapiens_tc/PHL/2012/CPC_0740|NA|2012_05_09|Human|Philippines|Asian|Zika_virus
6,77,KY014317|Zika_virus/H.sapiens_wt/BRA/2016/FC_DQ28D1_URI|NA|2016_03_21|Human|Brazil|Asian|Zika_virus
7,77,KY014306|Zika_virus/H.sapiens_wt/HND/2016/HU_ME178_PLA|NA|2016_06_10|Human|Honduras|Asian|Zika_virus
8,77,KY785427|Zika_virus/H.sapiens_wt/BRA/2016/FC_DQ58D1_PLA|NA|2016_03_30|Human|Brazil|Asian|Zika_virus
0,78,KY586705|Ser3_Thailand_Bangkok_Seq2|NA|2006|Human|Thailand|3_II|Dengue_virus
1,78,KY586741|Ser3_Thailand_Bangkok_Seq30|NA|2002|Human|Thailand|3_II|Dengue_virus
2,78,KY586717|Ser3_Thailand_nonBKK_Seq7|NA|2002|Human|Thailand|3_II|Dengue_virus
3,78,KY586783|Ser3_Thailand_Bangkok_Seq63|NA|2002|Human|Thailand|3_II|Dengue_virus
4,78,KY586724|Ser3_Thailand_Bangkok_Seq17|NA|2000|Human|Thailand|3_II|Dengue_virus
5,78,KY586804|Ser3_Thailand_nonBKK_Seq26|NA|2007|Human|Thailand|3_II|Dengue_virus
6,78,KY586734|Ser3_Thailand_nonBKK_Seq9|NA|2001|Human|Thailand|3_II|Dengue_virus
7,78,KY586816|Ser3_Thailand_Bangkok_Seq81|NA|2006|Human|Thailand|3_II|Dengue_virus
8,78,KY586740|Ser3_Thailand_Bangkok_Seq29|NA|2002|Human|Thailand|3_II|Dengue_virus
9,78,KY586759|Ser3_Thailand_Bangkok_Seq45|NA|2000|Human|Thailand|3_II|Dengue_virus
10,78,KY586812|Ser3_Thailand_nonBKK_Seq34|NA|2010|Human|Thailand|3_II|Dengue_virus
11,78,KY586787|Ser3_Thailand_nonBKK_Seq21|NA|2002|Human|Thailand|3_II|Dengue_virus
12,78,KY586727|Ser3_Thailand_Bangkok_Seq20|NA|2006|Human|Thailand|3_II|Dengue_virus
13,78,KY586757|Ser3_Thailand_Bangkok_Seq43|NA|2001|Human|Thailand|3_II|Dengue_virus
14,78,KY586778|Ser3_Thailand_Bangkok_Seq58|NA|2006|Human|Thailand|3_II|Dengue_virus
15,78,KY586731|Ser3_Thailand_Bangkok_Seq24|NA|2004|Human|Thailand|3_II|Dengue_virus
16,78,KY586819|Ser3_Thailand_nonBKK_Seq37|NA|2007|Human|Thailand|3|Dengue_virus
17,78,KY586716|Ser3_Thailand_nonBKK_Seq6|NA|2002|Human|Thailand|3_II|Dengue_virus
0,79,MW122390|PR/DB_ZIKV270/2016|NA|2016_10_11|Human|Puerto_Rico|Asian|Zika_virus
1,79,MW122444|PR/DB_ZIKV992/2016|NA|2016_09_10|Human|Puerto_Rico|Asian|Zika_virus
2,79,MW122440|PR/DB_ZIKV983/2016|NA|2016_08_03|Human|Puerto_Rico|Asian|Zika_virus
3,79,MW122385|PR/DB_ZIKV245/2016|NA|2016_06_23|Human|Puerto_Rico|Asian|Zika_virus
4,79,MW122434|PR/DB_ZIKV885/2016|NA|2016_07_19|Human|Puerto_Rico|Asian|Zika_virus
